zone,date,consumption,rainfall_mm,reservoir_pct_full,day_of_week,month,is_weekend,consumption_lag_1,consumption_rolling_7,rainfall_rolling_7
Central,2023-01-02,8368.74,0.0,19.6,0,1,0,9733.55,9051.145,0.15
Central,2023-01-03,9549.81,0.0,19.4,1,1,0,8368.74,9217.366666666667,0.09999999999999999
Central,2023-01-04,10865.13,0.0,19.4,2,1,0,9549.81,9629.307499999999,0.075
Central,2023-01-05,8215.24,0.3,19.4,3,1,0,10865.13,9346.494,0.12
Central,2023-01-06,8234.47,0.0,19.5,4,1,0,8215.24,9161.156666666666,0.09999999999999999
Central,2023-01-07,10613.74,0.0,19.5,5,1,1,8234.47,9368.66857142857,0.08571428571428572
Central,2023-01-08,9382.99,0.3,19.4,6,1,1,10613.74,9318.58857142857,0.08571428571428572
Central,2023-01-09,7696.92,3.5,19.4,0,1,0,9382.99,9222.614285714286,0.5857142857142856
Central,2023-01-10,9400.56,0.2,19.3,1,1,0,7696.92,9201.292857142857,0.6142857142857142
Central,2023-01-11,7906.06,0.0,19.4,2,1,0,9400.56,8778.568571428572,0.6142857142857142
Central,2023-01-12,7906.16,0.0,19.4,3,1,0,7906.06,8734.414285714285,0.5714285714285714
Central,2023-01-13,8971.42,0.0,19.6,4,1,0,7906.16,8839.692857142858,0.5714285714285714
Central,2023-01-14,5387.33,0.2,19.5,5,1,1,8971.42,8093.062857142856,0.6
Central,2023-01-15,5599.49,1.6,19.6,6,1,1,5387.33,7552.562857142858,0.7857142857142857
Central,2023-01-16,7738.46,0.7,19.6,0,1,0,5599.49,7558.497142857143,0.38571428571428573
Central,2023-01-17,6989.62,2.1,19.4,1,1,0,7738.46,7214.077142857143,0.6571428571428571
Central,2023-01-18,9100.74,0.0,19.6,2,1,0,6989.62,7384.745714285715,0.6571428571428571
Central,2023-01-19,7233.28,0.7,19.5,3,1,0,9100.74,7288.620000000001,0.7571428571428571
Central,2023-01-20,6520.3,0.0,19.5,4,1,0,7233.28,6938.459999999999,0.7571428571428571
Central,2023-01-21,10496.4,0.0,19.4,5,1,1,6520.3,7668.327142857143,0.7285714285714285
Central,2023-01-22,7942.9,0.4,19.5,6,1,1,10496.4,8003.1,0.5571428571428572
Central,2023-01-23,9569.7,0.0,20.3,0,1,0,7942.9,8264.705714285714,0.4571428571428572
Central,2023-01-24,7337.12,0.0,20.7,1,1,0,9569.7,8314.348571428573,0.15714285714285708
Central,2023-01-25,8663.66,0.0,20.6,2,1,0,7337.12,8251.908571428572,0.15714285714285708
Central,2023-01-26,9646.71,0.1,20.5,3,1,0,8663.66,8596.684285714286,0.07142857142857137
Central,2023-01-27,6798.96,16.0,20.2,4,1,0,9646.71,8636.492857142857,2.357142857142857
Central,2023-01-28,8776.23,2.3,19.4,5,1,1,6798.96,8390.754285714285,2.685714285714286
Central,2023-01-29,8224.47,0.0,23.3,6,1,1,8776.23,8430.978571428572,2.628571428571429
Central,2023-01-30,9074.83,0.0,24.2,0,1,0,8224.47,8360.282857142856,2.628571428571429
Central,2023-01-31,8544.12,1.2,24.5,1,1,0,9074.83,8532.711428571429,2.8000000000000003
Central,2023-02-01,12286.5,0.3,24.2,2,2,0,8544.12,9050.259999999998,2.842857142857143
Central,2023-02-02,9513.09,0.0,24.2,3,2,0,12286.5,9031.17142857143,2.8285714285714287
Central,2023-02-03,7947.99,0.1,24.2,4,2,0,9513.09,9195.31857142857,0.5571428571428572
Central,2023-02-04,10394.08,0.1,24.3,5,2,1,7947.99,9426.44,0.24285714285714285
Central,2023-02-05,7342.02,0.0,24.4,6,2,1,10394.08,9300.375714285714,0.24285714285714285
Central,2023-02-06,9846.23,0.5,24.5,0,2,0,7342.02,9410.575714285715,0.31428571428571433
Central,2023-02-07,6498.43,2.2,24.5,1,2,0,9846.23,9118.334285714287,0.4571428571428572
Central,2023-02-08,7495.86,1.5,24.5,2,2,0,6498.43,8433.957142857143,0.6285714285714287
Central,2023-02-09,9882.12,0.0,24.5,3,2,0,7495.86,8486.675714285713,0.6285714285714287
Central,2023-02-10,10702.66,0.0,24.5,4,2,0,9882.12,8880.2,0.6142857142857142
Central,2023-02-11,9476.13,0.0,24.5,5,2,1,10702.66,8749.064285714285,0.6
Central,2023-02-12,9053.63,0.0,24.4,6,2,1,9476.13,8993.58,0.6
Central,2023-02-13,9095.83,1.2,24.6,0,2,0,9053.63,8886.38,0.7000000000000001
Central,2023-02-14,7277.83,2.2,24.8,1,2,0,9095.83,8997.722857142857,0.7000000000000001
Central,2023-02-15,8551.47,0.1,24.8,2,2,0,7277.83,9148.524285714286,0.5000000000000001
Central,2023-02-16,8955.11,0.0,24.8,3,2,0,8551.47,9016.094285714285,0.5000000000000001
Central,2023-02-17,11240.63,0.0,24.7,4,2,0,8955.11,9092.947142857143,0.5000000000000001
Central,2023-02-18,9647.72,2.5,24.6,5,2,1,11240.63,9117.460000000001,0.8571428571428571
Central,2023-02-19,6612.5,0.5,24.6,6,2,1,9647.72,8768.727142857142,0.9285714285714286
Central,2023-02-20,10041.35,2.1,24.7,0,2,0,6612.5,8903.801428571429,1.0571428571428572
Central,2023-02-21,8587.88,8.7,24.9,1,2,0,10041.35,9090.951428571429,1.9857142857142855
Central,2023-02-22,8685.38,0.0,25.0,2,2,0,8587.88,9110.081428571428,1.9714285714285713
Central,2023-02-23,10621.66,0.1,27.5,3,2,0,8685.38,9348.16,1.9857142857142855
Central,2023-02-24,11266.19,0.0,27.8,4,2,0,10621.66,9351.81142857143,1.9857142857142855
Central,2023-02-25,10737.02,0.0,25.8,5,2,1,11266.19,9507.425714285713,1.6285714285714283
Central,2023-02-26,8038.32,0.9,25.5,6,2,1,10737.02,9711.114285714286,1.6857142857142855
Central,2023-02-27,9284.85,0.0,25.5,0,2,0,8038.32,9603.042857142858,1.3857142857142857
Central,2023-02-28,10140.51,1.9,25.5,1,2,0,9284.85,9824.847142857145,0.41428571428571426
Central,2023-03-01,11231.65,0.0,21.1,2,3,0,10140.51,10188.6,0.41428571428571426
Central,2023-03-02,8146.54,1.3,17.1,3,3,0,11231.65,9835.011428571428,0.5857142857142856
Central,2023-03-03,8380.46,5.2,13.4,4,3,0,8146.54,9422.764285714287,1.3285714285714287
Central,2023-03-04,5926.28,0.0,8.1,5,3,1,8380.46,8735.515714285715,1.3285714285714287
Central,2023-03-05,5785.25,0.3,5.0,6,3,1,5926.28,8413.648571428572,1.2428571428571427
Central,2023-03-06,9132.11,0.1,2.9,0,3,0,5785.25,8391.828571428572,1.257142857142857
Central,2023-03-07,9960.78,0.0,2.8,1,3,0,9132.11,8366.152857142857,0.9857142857142858
Central,2023-03-08,7826.67,0.0,2.7,2,3,0,9960.78,7879.727142857142,0.9857142857142858
Central,2023-03-09,9443.41,0.1,2.7,3,3,0,7826.67,8064.994285714286,0.8142857142857143
Central,2023-03-10,8235.4,5.3,2.8,4,3,0,9443.41,8044.271428571429,0.8285714285714285
Central,2023-03-11,6523.86,3.2,2.8,5,3,1,8235.4,8129.64,1.2857142857142858
Central,2023-03-12,8191.44,0.0,2.8,6,3,1,6523.86,8473.381428571429,1.2428571428571427
Central,2023-03-13,10278.66,0.1,2.8,0,3,0,8191.44,8637.174285714285,1.2428571428571427
Central,2023-03-14,7726.43,4.2,2.8,1,3,0,10278.66,8317.98142857143,1.8428571428571427
Central,2023-03-15,10091.72,5.1,2.8,2,3,0,7726.43,8641.56,2.5714285714285716
Central,2023-03-16,4072.23,0.0,2.8,3,3,0,10091.72,7874.248571428571,2.557142857142857
Central,2023-03-17,9243.19,0.0,2.8,4,3,0,4072.23,8018.2185714285715,1.8000000000000003
Central,2023-03-18,7828.65,0.0,2.8,5,3,1,9243.19,8204.617142857142,1.3428571428571427
Central,2023-03-19,7257.73,0.0,2.8,6,3,1,7828.65,8071.2300000000005,1.3428571428571427
Central,2023-03-20,8173.49,0.0,2.8,0,3,0,7257.73,7770.491428571428,1.3285714285714287
Central,2023-03-21,5063.02,0.0,2.8,1,3,0,8173.49,7390.004285714285,0.7285714285714285
Central,2023-03-22,7723.38,0.0,2.7,2,3,0,5063.02,7051.669999999999,0.0
Central,2023-03-23,8577.58,0.4,2.7,3,3,0,7723.38,7695.291428571429,0.05714285714285715
Central,2023-03-24,10174.65,2.3,2.7,4,3,0,8577.58,7828.357142857143,0.3857142857142857
Central,2023-03-25,6954.5,0.5,2.7,5,3,1,10174.65,7703.478571428573,0.45714285714285713
Central,2023-03-26,6550.73,0.0,2.7,6,3,1,6954.5,7602.478571428571,0.45714285714285713
Central,2023-03-27,7342.8,0.0,2.8,0,3,0,6550.73,7483.808571428572,0.45714285714285713
Central,2023-03-28,9477.02,0.0,2.8,1,3,0,7342.8,8114.38,0.45714285714285713
Central,2023-03-29,8600.63,0.1,2.8,2,3,0,9477.02,8239.701428571429,0.4714285714285714
Central,2023-03-30,7253.06,1.5,2.8,3,3,0,8600.63,8050.484285714286,0.6285714285714287
Central,2023-03-31,8874.78,0.5,4.5,4,3,0,7253.06,7864.788571428572,0.37142857142857144
Central,2023-04-01,7854.8,2.2,6.0,5,4,1,8874.78,7993.402857142857,0.6142857142857144
Central,2023-04-02,9249.75,0.5,6.1,6,4,1,7854.8,8378.977142857144,0.6857142857142858
Central,2023-04-03,7101.29,0.0,6.1,0,4,0,9249.75,8344.475714285714,0.6857142857142858
Central,2023-04-04,7671.2,0.0,2.9,1,4,0,7101.29,8086.501428571428,0.6857142857142858
Central,2023-04-05,7573.06,0.2,2.4,2,4,0,7671.2,7939.705714285715,0.7000000000000001
Central,2023-04-06,5983.95,0.0,1.0,3,4,0,7573.06,7758.404285714286,0.48571428571428577
Central,2023-04-07,8582.86,1.0,0.4,4,4,0,5983.95,7716.7014285714295,0.5571428571428572
Central,2023-04-08,8245.32,0.3,0.5,5,4,1,8582.86,7772.49,0.2857142857142857
Central,2023-04-09,7883.25,0.0,0.3,6,4,1,8245.32,7577.2757142857145,0.21428571428571427
Central,2023-04-10,7859.93,0.0,0.4,0,4,0,7883.25,7685.652857142857,0.21428571428571427
Central,2023-04-11,5779.91,6.5,0.3,1,4,0,7859.93,7415.4685714285715,1.1428571428571428
Central,2023-04-12,7596.86,0.0,0.3,2,4,0,5779.91,7418.86857142857,1.1142857142857143
Central,2023-04-13,7707.06,0.3,0.2,3,4,0,7596.86,7665.027142857143,1.157142857142857
Central,2023-04-14,7030.46,0.2,0.2,4,4,0,7707.06,7443.255714285714,1.042857142857143
Central,2023-04-15,7679.46,0.0,0.1,5,4,1,7030.46,7362.418571428571,1.0
Central,2023-04-16,8460.04,1.6,0.0,6,4,1,7679.46,7444.817142857143,1.2285714285714284
Central,2023-04-17,11071.81,0.5,0.4,0,4,0,8460.04,7903.657142857142,1.3
Central,2023-04-18,8341.4,4.0,0.5,1,4,0,11071.81,8269.584285714287,0.9428571428571428
Central,2023-04-19,8668.43,0.0,0.3,2,4,0,8341.4,8422.665714285715,0.9428571428571428
Central,2023-04-20,8158.43,0.4,0.3,3,4,0,8668.43,8487.147142857142,0.9571428571428572
Central,2023-04-21,5282.37,2.8,0.8,4,4,0,8158.43,8237.42,1.3285714285714285
Central,2023-04-22,7927.76,0.1,1.5,5,4,1,5282.37,8272.891428571429,1.3428571428571427
Central,2023-04-23,8069.54,0.0,1.5,6,4,1,7927.76,8217.105714285713,1.1142857142857143
Central,2023-04-24,11940.61,1.5,2.1,0,4,0,8069.54,8341.22,1.257142857142857
Central,2023-04-25,8037.45,0.0,2.7,1,4,0,11940.61,8297.798571428571,0.6857142857142856
Central,2023-04-26,8785.35,0.0,2.9,2,4,0,8037.45,8314.50142857143,0.6857142857142856
Central,2023-04-27,8287.92,0.0,4.0,3,4,0,8785.35,8333.0,0.6285714285714284
Central,2023-04-28,6593.84,0.0,4.3,4,4,0,8287.92,8520.352857142858,0.2285714285714285
Central,2023-04-29,9733.73,0.0,5.0,5,4,1,6593.84,8778.348571428573,0.21428571428571422
Central,2023-04-30,9153.83,0.0,5.6,6,4,1,9733.73,8933.247142857143,0.21428571428571422
Central,2023-05-01,9553.49,0.0,9.6,0,5,0,9153.83,8592.23,0.0
Central,2023-05-02,8125.83,0.0,14.6,1,5,0,9553.49,8604.855714285713,0.0
Central,2023-05-03,11595.85,0.1,18.6,2,5,0,8125.83,9006.355714285713,0.014285714285714223
Central,2023-05-04,8265.86,0.5,23.5,3,5,0,11595.85,9003.204285714286,0.08571428571428565
Central,2023-05-05,11172.0,1.9,28.7,4,5,0,8265.86,9657.227142857142,0.3571428571428571
Central,2023-05-06,12213.7,29.2,33.4,5,5,1,11172.0,10011.50857142857,4.5285714285714285
Central,2023-05-07,8984.95,4.6,44.8,6,5,1,12213.7,9987.382857142858,5.185714285714285
Central,2023-05-08,10344.96,0.3,52.9,0,5,0,8984.95,10100.45,5.228571428571429
Central,2023-05-09,11267.12,1.6,67.2,1,5,0,10344.96,10549.205714285714,5.457142857142856
Central,2023-05-10,10461.02,0.2,78.6,2,5,0,11267.12,10387.087142857143,5.471428571428571
Central,2023-05-11,8910.68,0.0,97.6,3,5,0,10461.02,10479.204285714286,5.3999999999999995
Central,2023-05-12,11346.82,0.0,99.5,4,5,0,8910.68,10504.17857142857,5.128571428571428
Central,2023-05-13,9207.62,0.0,100.0,5,5,1,11346.82,10074.738571428572,0.9571428571428572
Central,2023-05-14,11518.17,0.0,99.5,6,5,1,9207.62,10436.627142857144,0.3
Central,2023-05-15,9885.81,0.0,87.6,0,5,0,11518.17,10371.034285714286,0.2571428571428572
Central,2023-05-16,13590.02,0.1,78.1,1,5,0,9885.81,10702.877142857144,0.042857142857142864
Central,2023-05-17,10025.26,1.2,78.6,2,5,0,13590.02,10640.625714285716,0.18571428571428572
Central,2023-05-18,10801.4,0.0,80.5,3,5,0,10025.26,10910.728571428572,0.18571428571428572
Central,2023-05-19,12510.97,0.0,79.1,4,5,0,10801.4,11077.035714285714,0.18571428571428572
Central,2023-05-20,8998.56,0.0,78.1,5,5,1,12510.97,11047.17,0.18571428571428572
Central,2023-05-21,11185.43,0.1,77.2,6,5,1,8998.56,10999.635714285714,0.2
Central,2023-05-22,12924.49,5.3,73.4,0,5,0,11185.43,11433.732857142857,0.9571428571428572
Central,2023-05-23,8902.58,0.0,58.6,1,5,0,12924.49,10764.098571428573,0.942857142857143
Central,2023-05-24,11596.11,0.0,51.5,2,5,0,8902.58,10988.505714285713,0.7714285714285715
East,2023-01-02,8724.74,0.4,7.7,0,1,0,10064.77,9394.755000000001,5.55
East,2023-01-03,9724.52,0.7,12.8,1,1,0,8724.74,9504.676666666666,3.933333333333333
East,2023-01-04,12079.07,0.3,19.7,2,1,0,9724.52,10148.275,3.025
East,2023-01-05,11892.23,3.6,23.1,3,1,0,12079.07,10497.066,3.1399999999999997
East,2023-01-06,13519.04,0.0,28.2,4,1,0,11892.23,11000.728333333333,2.6166666666666667
East,2023-01-07,13562.72,0.0,30.8,5,1,1,13519.04,11366.727142857142,2.242857142857143
East,2023-01-08,12747.09,0.0,36.8,6,1,1,13562.72,11749.915714285715,0.7142857142857143
East,2023-01-09,12125.62,0.0,41.9,0,1,0,12747.09,12235.755714285715,0.6571428571428571
East,2023-01-10,10789.54,5.2,42.7,1,1,0,12125.62,12387.901428571427,1.3
East,2023-01-11,12734.22,0.0,46.2,2,1,0,10789.54,12481.494285714285,1.2571428571428573
East,2023-01-12,14692.97,0.0,47.0,3,1,0,12734.22,12881.6,0.7428571428571429
East,2023-01-13,13734.08,0.0,46.2,4,1,0,14692.97,12912.320000000002,0.742857142857143
East,2023-01-14,10606.77,6.5,46.2,5,1,1,13734.08,12490.04142857143,1.6714285714285715
East,2023-01-15,12471.57,10.8,47.0,6,1,1,10606.77,12450.68142857143,3.2142857142857144
East,2023-01-16,13641.72,5.6,39.3,0,1,0,12471.57,12667.267142857143,4.014285714285714
East,2023-01-17,12055.26,0.8,42.7,1,1,0,13641.72,12848.084285714285,3.3857142857142857
East,2023-01-18,13669.12,0.0,47.9,2,1,0,12055.26,12981.641428571429,3.385714285714286
East,2023-01-19,13434.01,1.5,51.3,3,1,0,13669.12,12801.789999999999,3.6000000000000005
East,2023-01-20,11735.59,0.0,54.7,4,1,0,13434.01,12516.29142857143,3.6000000000000005
East,2023-01-21,13454.5,0.0,53.8,5,1,1,11735.59,12923.109999999999,2.6714285714285717
East,2023-01-22,13764.95,0.0,59.8,6,1,1,13454.5,13107.878571428573,1.1285714285714286
East,2023-01-23,15093.2,0.0,58.1,0,1,0,13764.95,13315.232857142857,0.32857142857142857
East,2023-01-24,15055.87,0.0,59.0,1,1,0,15093.2,13743.891428571427,0.21428571428571427
East,2023-01-25,11415.37,0.0,56.4,2,1,0,15055.87,13421.927142857143,0.21428571428571427
East,2023-01-26,12082.01,0.0,52.1,3,1,0,11415.37,13228.784285714286,0.0
East,2023-01-27,14268.34,0.0,47.9,4,1,0,12082.01,13590.605714285713,0.0
East,2023-01-28,13733.54,0.0,43.6,5,1,1,14268.34,13630.468571428572,0.0
East,2023-01-29,13742.5,0.0,42.7,6,1,1,13733.54,13627.261428571428,0.0
East,2023-01-30,19296.96,0.0,41.9,0,1,0,13742.5,14227.798571428571,0.0
East,2023-01-31,14381.88,0.0,38.5,1,1,0,19296.96,14131.514285714287,0.0
East,2023-02-01,15236.72,0.0,42.7,2,2,0,14381.88,14677.421428571428,0.0
East,2023-02-02,14972.36,0.0,44.4,3,2,0,15236.72,15090.328571428572,0.0
East,2023-02-03,14526.57,0.0,45.3,4,2,0,14972.36,15127.218571428572,0.0
East,2023-02-04,12542.55,0.0,47.0,5,2,1,14526.57,14957.077142857142,0.0
East,2023-02-05,14161.99,0.0,50.4,6,2,1,12542.55,15017.004285714285,0.0
East,2023-02-06,12415.51,0.0,51.3,0,2,0,14161.99,14033.94,0.0
East,2023-02-07,13228.22,0.0,49.6,1,2,0,12415.51,13869.131428571429,0.0
East,2023-02-08,12864.25,0.0,45.3,2,2,0,13228.22,13530.207142857142,0.0
East,2023-02-09,13724.08,0.0,47.9,3,2,0,12864.25,13351.881428571429,0.0
East,2023-02-10,17082.36,0.0,45.3,4,2,0,13724.08,13716.994285714287,0.0
East,2023-02-11,10273.93,0.0,42.7,5,2,1,17082.36,13392.905714285715,0.0
East,2023-02-12,14113.2,0.0,42.7,6,2,1,10273.93,13385.935714285715,0.0
East,2023-02-13,11219.38,0.0,42.7,0,2,0,14113.2,13215.06,0.0
East,2023-02-14,12862.16,1.2,44.4,1,2,0,11219.38,13162.765714285715,0.17142857142857143
East,2023-02-15,15291.2,0.0,47.9,2,2,0,12862.16,13509.472857142857,0.17142857142857143
East,2023-02-16,13764.03,0.0,55.6,3,2,0,15291.2,13515.180000000002,0.17142857142857143
East,2023-02-17,12060.95,0.0,55.6,4,2,0,13764.03,12797.835714285715,0.17142857142857143
East,2023-02-18,12067.16,0.0,49.6,5,2,1,12060.95,13054.011428571432,0.17142857142857143
East,2023-02-19,14169.27,0.0,48.7,6,2,1,12067.16,13062.021428571428,0.17142857142857143
East,2023-02-20,12612.5,0.0,47.9,0,2,0,14169.27,13261.038571428571,0.17142857142857143
East,2023-02-21,14043.1,0.0,43.6,1,2,0,12612.5,13429.744285714287,0.0
East,2023-02-22,13563.24,3.6,54.7,2,2,0,14043.1,13182.892857142857,0.5142857142857143
East,2023-02-23,12320.03,6.8,52.1,3,2,0,13563.24,12976.607142857145,1.4857142857142858
East,2023-02-24,16959.5,0.1,59.0,4,2,0,12320.03,13676.399999999998,1.5
East,2023-02-25,13605.9,8.9,65.8,5,2,1,16959.5,13896.22,2.7714285714285714
East,2023-02-26,9989.61,3.1,59.8,6,2,1,13605.9,13299.125714285716,3.2142857142857144
East,2023-02-27,14062.21,0.0,65.8,0,2,0,9989.61,13506.227142857142,3.2142857142857144
East,2023-02-28,12800.83,0.0,65.0,1,2,0,14062.21,13328.759999999998,3.2142857142857144
East,2023-03-01,14082.21,15.4,70.9,2,3,0,12800.83,13402.89857142857,4.8999999999999995
East,2023-03-02,12568.4,0.9,70.1,3,3,0,14082.21,13438.38,4.057142857142858
East,2023-03-03,13654.77,0.0,71.8,4,3,0,12568.4,12966.275714285715,4.042857142857143
East,2023-03-04,14042.09,0.0,65.0,5,3,1,13654.77,13028.58857142857,2.7714285714285714
East,2023-03-05,14594.1,0.0,51.3,6,3,1,14042.09,13686.372857142856,2.3285714285714287
East,2023-03-06,12060.38,0.0,65.0,0,3,0,14594.1,13400.397142857142,2.3285714285714287
East,2023-03-07,13370.5,0.0,65.8,1,3,0,12060.38,13481.778571428571,2.3285714285714287
East,2023-03-08,13171.31,0.0,64.1,2,3,0,13370.5,13351.649999999998,0.1285714285714286
East,2023-03-09,12915.27,0.0,64.1,3,3,0,13171.31,13401.202857142856,0.0
East,2023-03-10,16373.01,2.8,66.7,4,3,0,12915.27,13789.522857142858,0.39999999999999997
East,2023-03-11,13969.18,0.0,68.4,5,3,1,16373.01,13779.107142857143,0.39999999999999997
East,2023-03-12,11481.57,0.0,65.8,6,3,1,13969.18,13334.460000000001,0.39999999999999997
East,2023-03-13,15318.57,0.0,63.2,0,3,0,11481.57,13799.915714285715,0.39999999999999997
East,2023-03-14,17091.23,0.7,65.8,1,3,0,15318.57,14331.448571428573,0.5
East,2023-03-15,14090.44,21.9,61.5,2,3,0,17091.23,14462.752857142857,3.6285714285714286
East,2023-03-16,11697.95,0.0,60.7,3,3,0,14090.44,14288.850000000002,3.6285714285714286
East,2023-03-17,13262.44,0.0,60.7,4,3,0,11697.95,13844.482857142857,3.228571428571428
East,2023-03-18,15340.94,0.0,57.3,5,3,1,13262.44,14040.448571428571,3.228571428571428
East,2023-03-19,12365.45,0.4,65.8,6,3,1,15340.94,14166.717142857144,3.285714285714285
East,2023-03-20,14689.97,0.0,70.1,0,3,0,12365.45,14076.917142857144,3.285714285714285
East,2023-03-21,14821.02,5.8,76.1,1,3,0,14689.97,13752.601428571428,4.014285714285714
East,2023-03-22,12306.51,5.4,87.2,2,3,0,14821.02,13497.754285714287,1.6571428571428573
East,2023-03-23,13970.45,0.0,94.0,3,3,0,12306.51,13822.397142857142,1.6571428571428573
East,2023-03-24,9209.66,0.0,92.3,4,3,0,13970.45,13243.42857142857,1.6571428571428573
East,2023-03-25,11983.47,0.0,90.6,5,3,1,9209.66,12763.789999999999,1.6571428571428573
East,2023-03-26,13152.54,0.0,85.5,6,3,1,11983.47,12876.231428571427,1.5999999999999999
East,2023-03-27,12235.32,0.0,82.9,0,3,0,13152.54,12525.567142857142,1.5999999999999999
East,2023-03-28,16567.39,0.0,86.3,1,3,0,12235.32,12775.048571428571,0.7714285714285715
East,2023-03-29,11640.81,5.3,92.3,2,3,0,16567.39,12679.948571428571,0.7571428571428571
East,2023-03-30,13462.69,0.3,100.0,3,3,0,11640.81,12607.41142857143,0.7999999999999999
East,2023-03-31,14350.06,0.0,94.9,4,3,0,13462.69,13341.754285714285,0.7999999999999999
East,2023-04-01,15760.91,0.0,90.6,5,4,1,14350.06,13881.38857142857,0.7999999999999999
East,2023-04-02,11456.37,0.0,78.6,6,4,1,15760.91,13639.078571428572,0.7999999999999999
East,2023-04-03,15933.59,0.0,80.3,0,4,0,11456.37,14167.402857142859,0.7999999999999999
East,2023-04-04,14215.75,0.0,88.0,1,4,0,15933.59,13831.454285714284,0.7999999999999999
East,2023-04-05,12739.64,0.0,87.2,2,4,0,14215.75,13988.429999999998,0.04285714285714286
East,2023-04-06,14916.51,0.0,92.3,3,4,0,12739.64,14196.118571428571,0.0
East,2023-04-07,14533.35,0.0,95.7,4,4,0,14916.51,14222.302857142857,0.0
East,2023-04-08,12775.94,0.0,94.0,5,4,1,14533.35,13795.878571428573,0.0
East,2023-04-09,13791.8,0.0,91.5,6,4,1,12775.94,14129.511428571428,0.0
East,2023-04-10,13690.65,0.0,93.2,0,4,0,13791.8,13809.091428571428,0.0
East,2023-04-11,14450.05,0.0,94.9,1,4,0,13690.65,13842.562857142857,0.0
East,2023-04-12,15284.06,0.0,94.0,2,4,0,14450.05,14206.051428571429,0.0
East,2023-04-13,16680.9,0.0,91.5,3,4,0,15284.06,14458.107142857143,0.0
East,2023-04-14,12456.09,0.0,90.6,4,4,0,16680.9,14161.355714285715,0.0
East,2023-04-15,16950.28,0.0,85.5,5,4,1,12456.09,14757.69,0.0
East,2023-04-16,10832.94,0.0,72.6,6,4,1,16950.28,14334.995714285715,0.0
East,2023-04-17,14117.46,0.0,70.9,0,4,0,10832.94,14395.968571428572,0.0
East,2023-04-18,15238.22,0.0,66.7,1,4,0,14117.46,14508.564285714285,0.0
East,2023-04-19,14787.74,0.0,66.7,2,4,0,15238.22,14437.66142857143,0.0
East,2023-04-20,13442.62,0.0,66.7,3,4,0,14787.74,13975.050000000001,0.0
East,2023-04-21,14074.8,0.0,65.8,4,4,0,13442.62,14206.294285714286,0.0
East,2023-04-22,13081.81,0.0,70.1,5,4,1,14074.8,13653.655714285715,0.0
East,2023-04-23,12946.97,0.0,65.0,6,4,1,13081.81,13955.66,0.0
East,2023-04-24,15691.72,0.0,63.2,0,4,0,12946.97,14180.554285714286,0.0
East,2023-04-25,14962.73,0.0,65.0,1,4,0,15691.72,14141.198571428571,0.0
East,2023-04-26,13397.62,0.0,69.2,2,4,0,14962.73,13942.609999999999,0.0
East,2023-04-27,15796.05,0.0,78.6,3,4,0,13397.62,14278.814285714285,0.0
East,2023-04-28,14917.14,0.0,76.1,4,4,0,15796.05,14399.14857142857,0.0
East,2023-04-29,15106.28,0.0,71.8,5,4,1,14917.14,14688.358571428571,0.0
East,2023-04-30,14840.36,0.0,64.1,6,4,1,15106.28,14958.842857142856,0.0
East,2023-05-01,13240.59,0.0,59.8,0,5,0,14840.36,14608.681428571426,0.0
East,2023-05-02,13652.85,0.0,60.7,1,5,0,13240.59,14421.555714285714,0.0
East,2023-05-03,15622.97,0.0,60.7,2,5,0,13652.85,14739.462857142858,0.0
East,2023-05-04,15413.36,0.2,61.5,3,5,0,15622.97,14684.792857142858,0.028571428571428574
East,2023-05-05,14488.09,0.0,59.8,4,5,0,15413.36,14623.5,0.028571428571428574
East,2023-05-06,14122.81,0.0,64.1,5,5,1,14488.09,14483.004285714285,0.028571428571428574
East,2023-05-07,15871.33,0.0,58.1,6,5,1,14122.81,14630.285714285714,0.028571428571428574
East,2023-05-08,13657.13,0.0,63.2,0,5,0,15871.33,14689.79142857143,0.028571428571428574
East,2023-05-09,15373.19,0.0,60.7,1,5,0,13657.13,14935.554285714286,0.028571428571428574
East,2023-05-10,14257.16,0.0,56.4,2,5,0,15373.19,14740.43857142857,0.028571428571428574
East,2023-05-11,14241.68,0.0,64.1,3,5,0,14257.16,14573.055714285714,0.0
East,2023-05-12,16223.97,0.0,69.2,4,5,0,14241.68,14821.038571428571,0.0
East,2023-05-13,15238.04,0.0,73.5,5,5,1,16223.97,14980.357142857143,0.0
East,2023-05-14,15227.17,0.0,72.6,6,5,1,15238.04,14888.334285714285,0.0
East,2023-05-15,16555.86,0.0,72.6,0,5,0,15227.17,15302.438571428573,0.0
East,2023-05-16,14636.11,0.0,88.0,1,5,0,16555.86,15197.141428571427,0.0
East,2023-05-17,15634.32,0.0,89.7,2,5,0,14636.11,15393.878571428573,0.0
East,2023-05-18,14152.61,0.0,89.7,3,5,0,15634.32,15381.154285714287,0.0
East,2023-05-19,15110.72,0.0,88.0,4,5,0,14152.61,15222.118571428571,0.0
East,2023-05-20,13850.3,0.0,77.8,5,5,1,15110.72,15023.87,0.0
East,2023-05-21,14196.87,0.0,65.0,6,5,1,13850.3,14876.684285714287,0.0
East,2023-05-22,15535.52,0.0,58.1,0,5,0,14196.87,14730.921428571428,0.0
East,2023-05-23,13421.21,0.0,57.3,1,5,0,15535.52,14557.364285714284,0.0
East,2023-05-24,17792.7,0.0,58.1,2,5,0,13421.21,14865.704285714284,0.0
North,2023-01-02,12795.8,0.1,7.4,0,1,0,10456.37,11626.085,4.35
North,2023-01-03,10189.19,3.1,7.6,1,1,0,12795.8,11147.12,3.9333333333333336
North,2023-01-04,11108.06,0.0,7.6,2,1,0,10189.19,11137.355,2.95
North,2023-01-05,11362.51,3.7,7.7,3,1,0,11108.06,11182.386,3.1
North,2023-01-06,9903.28,0.1,7.6,4,1,0,11362.51,10969.201666666668,2.6
North,2023-01-07,10428.08,0.0,7.6,5,1,1,9903.28,10891.898571428572,2.2285714285714286
North,2023-01-08,10103.97,0.2,7.6,6,1,1,10428.08,10841.555714285714,1.0285714285714287
North,2023-01-09,10664.29,0.0,7.4,0,1,0,10103.97,10537.054285714286,1.0142857142857145
North,2023-01-10,9034.52,6.7,7.3,1,1,0,10664.29,10372.10142857143,1.5285714285714285
North,2023-01-11,10560.43,0.0,7.1,2,1,0,9034.52,10293.868571428571,1.5285714285714285
North,2023-01-12,11273.82,0.0,7.3,3,1,0,10560.43,10281.198571428571,1.0
North,2023-01-13,12706.82,0.0,7.1,4,1,0,11273.82,10681.704285714286,0.9857142857142858
North,2023-01-14,11513.65,0.8,7.1,5,1,1,12706.82,10836.785714285714,1.1
North,2023-01-15,13204.97,3.0,6.8,6,1,1,11513.65,11279.785714285714,1.5
North,2023-01-16,9263.0,2.6,6.8,0,1,0,13204.97,11079.60142857143,1.8714285714285714
North,2023-01-17,11555.69,6.1,6.9,1,1,0,9263.0,11439.768571428573,1.7857142857142858
North,2023-01-18,10823.55,0.0,6.8,2,1,0,11555.69,11477.357142857143,1.7857142857142858
North,2023-01-19,13832.45,0.1,6.8,3,1,0,10823.55,11842.875714285716,1.8
North,2023-01-20,9217.63,2.6,6.6,4,1,0,13832.45,11344.419999999998,2.1714285714285713
North,2023-01-21,8879.13,0.0,6.8,5,1,1,9217.63,10968.06,2.057142857142857
North,2023-01-22,9197.11,1.0,6.8,6,1,1,8879.13,10395.50857142857,1.7714285714285711
North,2023-01-23,7325.86,1.2,6.6,0,1,0,9197.11,10118.774285714286,1.5714285714285712
North,2023-01-24,9786.28,0.0,6.5,1,1,0,7325.86,9866.001428571428,0.7
North,2023-01-25,9441.04,0.0,6.3,2,1,0,9786.28,9668.5,0.7
North,2023-01-26,10810.28,0.0,6.3,3,1,0,9441.04,9236.761428571428,0.6857142857142857
North,2023-01-27,11102.39,0.0,6.2,4,1,0,10810.28,9506.012857142856,0.31428571428571417
North,2023-01-28,12985.4,0.0,6.0,5,1,1,11102.39,10092.622857142856,0.31428571428571417
North,2023-01-29,11601.87,0.0,6.0,6,1,1,12985.4,10436.16,0.1714285714285713
North,2023-01-30,9740.3,0.0,5.8,0,1,0,11601.87,10781.08,0.0
North,2023-01-31,9263.56,0.0,5.7,1,1,0,9740.3,10706.405714285715,0.0
North,2023-02-01,11354.7,0.0,5.5,2,2,0,9263.56,10979.785714285714,0.0
North,2023-02-02,8642.22,0.0,5.4,3,2,0,11354.7,10670.062857142857,0.0
North,2023-02-03,13375.61,0.0,5.2,4,2,0,8642.22,10994.808571428572,0.0
North,2023-02-04,11978.17,0.0,5.0,5,2,1,13375.61,10850.91857142857,0.0
North,2023-02-05,9501.7,0.2,4.9,6,2,1,11978.17,10550.894285714285,0.028571428571428446
North,2023-02-06,8076.91,0.0,4.7,0,2,0,9501.7,10313.267142857143,0.028571428571428446
North,2023-02-07,12683.69,0.0,4.6,1,2,0,8076.91,10801.857142857143,0.028571428571428446
North,2023-02-08,10487.43,0.0,4.4,2,2,0,12683.69,10677.961428571429,0.028571428571428446
North,2023-02-09,12522.43,0.0,4.3,3,2,0,10487.43,11232.277142857143,0.028571428571428446
North,2023-02-10,8280.62,0.0,4.1,4,2,0,12522.43,10504.421428571428,0.028571428571428446
North,2023-02-11,9352.69,0.0,3.9,5,2,1,8280.62,10129.352857142858,0.028571428571428446
North,2023-02-12,10266.09,0.0,3.9,6,2,1,9352.69,10238.551428571429,0.0
North,2023-02-13,10748.32,0.3,3.6,0,2,0,10266.09,10620.18142857143,0.042857142857142726
North,2023-02-14,9702.54,6.6,3.3,1,2,0,10748.32,10194.302857142857,0.9857142857142855
North,2023-02-15,11548.04,1.9,3.2,2,2,0,9702.54,10345.81857142857,1.257142857142857
North,2023-02-16,9112.04,0.0,3.3,3,2,0,11548.04,9858.619999999999,1.257142857142857
North,2023-02-17,10507.07,0.0,3.2,4,2,0,9112.04,10176.684285714287,1.257142857142857
North,2023-02-18,10479.21,0.0,3.2,5,2,1,10507.07,10337.615714285714,1.257142857142857
North,2023-02-19,11077.45,0.0,3.0,6,2,1,10479.21,10453.524285714286,1.257142857142857
North,2023-02-20,11810.01,0.0,2.8,0,2,0,11077.45,10605.194285714286,1.214285714285714
North,2023-02-21,9063.09,0.0,2.5,1,2,0,11810.01,10513.844285714285,0.2714285714285713
North,2023-02-22,7910.41,11.2,2.2,2,2,0,9063.09,9994.182857142858,1.5999999999999999
North,2023-02-23,12564.7,2.4,2.2,3,2,0,7910.41,10487.42,1.9428571428571428
North,2023-02-24,11159.2,2.3,2.4,4,2,0,12564.7,10580.58142857143,2.2714285714285714
North,2023-02-25,9226.63,0.0,2.2,5,2,1,11159.2,10401.641428571429,2.2714285714285714
North,2023-02-26,12627.4,1.2,1.7,6,2,1,9226.63,10623.062857142857,2.4428571428571426
North,2023-02-27,10969.73,0.0,1.9,0,2,0,12627.4,10503.022857142858,2.4428571428571426
North,2023-02-28,12514.57,1.2,1.6,1,2,0,10969.73,10996.091428571428,2.614285714285714
North,2023-03-01,10533.1,7.8,1.7,2,3,0,12514.57,11370.761428571428,2.1285714285714286
North,2023-03-02,13852.71,1.2,1.4,3,3,0,10533.1,11554.762857142856,1.957142857142857
North,2023-03-03,13461.15,0.0,1.6,4,3,0,13852.71,11883.612857142856,1.6285714285714286
North,2023-03-04,10029.35,0.0,1.6,5,3,1,13461.15,11998.287142857142,1.6285714285714286
North,2023-03-05,11867.98,0.0,1.3,6,3,1,10029.35,11889.798571428571,1.457142857142857
North,2023-03-06,11820.65,0.0,1.3,0,3,0,11867.98,12011.358571428571,1.457142857142857
North,2023-03-07,12913.76,0.0,1.3,1,3,0,11820.65,12068.385714285714,1.2857142857142858
North,2023-03-08,9421.69,0.0,1.3,2,3,0,12913.76,11909.612857142856,0.17142857142857143
North,2023-03-09,11906.46,0.0,1.1,3,3,0,9421.69,11631.577142857144,0.0
North,2023-03-10,12317.35,3.2,0.9,4,3,0,11906.46,11468.177142857141,0.4571428571428572
North,2023-03-11,7422.4,8.5,0.9,5,3,1,12317.35,11095.755714285715,1.6714285714285713
North,2023-03-12,8686.8,0.1,0.9,6,3,1,7422.4,10641.301428571427,1.6857142857142855
North,2023-03-13,7759.4,1.9,0.9,0,3,0,8686.8,10061.122857142856,1.957142857142857
North,2023-03-14,10515.2,0.0,0.9,1,3,0,7759.4,9718.471428571429,1.957142857142857
North,2023-03-15,11506.83,10.2,0.9,2,3,0,10515.2,10016.348571428573,3.414285714285714
North,2023-03-16,13111.77,1.6,1.1,3,3,0,11506.83,10188.535714285714,3.642857142857143
North,2023-03-17,11055.86,0.0,1.3,4,3,0,13111.77,10008.322857142857,3.185714285714286
North,2023-03-18,12958.02,0.0,1.4,5,3,1,11055.86,10799.125714285716,1.9714285714285713
North,2023-03-19,8378.23,1.6,1.6,6,3,1,12958.02,10755.044285714286,2.185714285714286
North,2023-03-20,8220.17,4.0,1.6,0,3,0,8378.23,10820.868571428571,2.4857142857142853
North,2023-03-21,10505.44,8.0,1.7,1,3,0,8220.17,10819.474285714286,3.6285714285714286
North,2023-03-22,11344.01,4.5,1.9,2,3,0,10505.44,10796.214285714286,2.814285714285714
North,2023-03-23,10937.01,0.2,2.2,3,3,0,11344.01,10485.534285714284,2.614285714285714
North,2023-03-24,7883.66,0.4,2.4,4,3,0,10937.01,10032.362857142856,2.6714285714285713
North,2023-03-25,10438.64,0.0,2.7,5,3,1,7883.66,9672.451428571429,2.6714285714285713
North,2023-03-26,8586.34,0.8,3.0,6,3,1,10438.64,9702.18142857143,2.557142857142857
North,2023-03-27,12034.34,0.0,3.0,0,3,0,8586.34,10247.062857142857,1.9857142857142858
North,2023-03-28,11588.2,0.0,3.3,1,3,0,12034.34,10401.742857142857,0.8428571428571429
North,2023-03-29,9636.95,0.0,3.2,2,3,0,11588.2,10157.877142857144,0.2
North,2023-03-30,9640.91,13.2,3.2,3,3,0,9636.95,9972.720000000001,2.057142857142857
North,2023-03-31,9474.82,0.0,3.2,4,3,0,9640.91,10200.028571428571,1.9999999999999998
North,2023-04-01,10535.14,0.0,3.3,5,4,1,9474.82,10213.814285714285,1.9999999999999998
North,2023-04-02,12069.91,0.0,3.2,6,4,1,10535.14,10711.467142857144,1.8857142857142857
North,2023-04-03,9449.3,3.3,2.5,0,4,0,12069.91,10342.175714285715,2.357142857142857
North,2023-04-04,11848.27,0.1,2.4,1,4,0,9449.3,10379.328571428572,2.371428571428571
North,2023-04-05,10309.98,0.0,2.4,2,4,0,11848.27,10475.475714285714,2.371428571428571
North,2023-04-06,9924.3,0.0,1.9,3,4,0,10309.98,10515.960000000001,0.4857142857142857
North,2023-04-07,10961.27,0.0,1.6,4,4,0,9924.3,10728.31,0.4857142857142857
North,2023-04-08,9131.93,0.0,1.1,5,4,1,10961.27,10527.851428571428,0.4857142857142857
North,2023-04-09,9862.12,0.0,0.9,6,4,1,9131.93,10212.452857142856,0.4857142857142857
North,2023-04-10,9349.38,0.0,0.6,0,4,0,9862.12,10198.17857142857,0.014285714285714287
North,2023-04-11,14101.32,0.0,0.3,1,4,0,9349.38,10520.042857142855,0.0
North,2023-04-12,11215.11,0.0,0.2,2,4,0,14101.32,10649.347142857141,0.0
North,2023-04-13,10120.56,0.0,0.0,3,4,0,11215.11,10677.384285714286,0.0
North,2023-04-14,11342.99,3.2,0.0,4,4,0,10120.56,10731.915714285715,0.4571428571428572
North,2023-04-15,10569.91,0.0,0.5,5,4,1,11342.99,10937.34142857143,0.4571428571428572
North,2023-04-16,10414.4,0.0,1.3,6,4,1,10569.91,11016.238571428572,0.4571428571428572
North,2023-04-17,12122.54,0.0,2.1,0,4,0,10414.4,11412.404285714287,0.4571428571428572
North,2023-04-18,12345.19,0.0,3.0,1,4,0,12122.54,11161.528571428571,0.4571428571428572
North,2023-04-19,10420.74,0.0,3.9,2,4,0,12345.19,11048.047142857144,0.4571428571428572
North,2023-04-20,10360.27,0.0,5.0,3,4,0,10420.74,11082.29142857143,0.4571428571428572
North,2023-04-21,10818.84,0.0,6.0,4,4,0,10360.27,11007.412857142857,0.0
North,2023-04-22,7336.34,0.0,6.9,5,4,1,10818.84,10545.474285714286,0.0
North,2023-04-23,8518.75,0.1,7.9,6,4,1,7336.34,10274.667142857143,0.014285714285714287
North,2023-04-24,13284.07,0.4,8.4,0,4,0,8518.75,10440.6,0.07142857142857142
North,2023-04-25,13727.83,0.0,7.4,1,4,0,13284.07,10638.119999999999,0.07142857142857142
North,2023-04-26,10893.87,0.0,6.9,2,4,0,13727.83,10705.710000000001,0.07142857142857142
North,2023-04-27,12139.22,0.0,6.2,3,4,0,10893.87,10959.845714285713,0.07142857142857142
North,2023-04-28,11748.13,0.0,6.3,4,4,0,12139.22,11092.60142857143,0.07142857142857142
North,2023-04-29,15454.84,0.0,6.9,5,4,1,11748.13,12252.387142857142,0.07142857142857142
North,2023-04-30,12522.3,0.0,7.7,6,4,1,15454.84,12824.322857142857,0.05714285714285715
North,2023-05-01,11109.46,0.0,8.2,0,5,0,12522.3,12513.664285714285,0.0
North,2023-05-02,9874.53,0.0,8.8,1,5,0,11109.46,11963.192857142858,0.0
North,2023-05-03,8904.59,0.0,9.9,2,5,0,9874.53,11679.01,0.0
North,2023-05-04,13118.6,0.3,11.0,3,5,0,8904.59,11818.921428571428,0.04285714285714286
North,2023-05-05,11702.5,0.0,12.6,4,5,0,13118.6,11812.402857142855,0.04285714285714286
North,2023-05-06,10196.82,0.0,14.2,5,5,1,11702.5,11061.257142857143,0.04285714285714286
North,2023-05-07,11366.88,0.0,16.1,6,5,1,10196.82,10896.197142857143,0.04285714285714286
North,2023-05-08,11235.14,0.0,17.8,0,5,0,11366.88,10914.151428571427,0.04285714285714286
North,2023-05-09,15394.75,0.0,19.6,1,5,0,11235.14,11702.754285714285,0.04285714285714286
North,2023-05-10,15404.29,0.0,21.1,2,5,0,15394.75,12631.282857142858,0.04285714285714286
North,2023-05-11,14076.8,0.0,22.7,3,5,0,15404.29,12768.16857142857,0.0
North,2023-05-12,16315.46,0.0,24.4,4,5,0,14076.8,13427.162857142857,0.0
North,2023-05-13,13648.34,0.1,26.2,5,5,1,16315.46,13920.237142857144,0.014285714285714287
North,2023-05-14,12246.61,0.1,27.8,6,5,1,13648.34,14045.912857142857,0.028571428571428574
North,2023-05-15,16399.73,0.0,29.5,0,5,0,12246.61,14783.711428571429,0.028571428571428574
North,2023-05-16,15992.51,0.0,31.4,1,5,0,16399.73,14869.105714285715,0.028571428571428574
North,2023-05-17,13634.79,0.0,33.3,2,5,0,15992.51,14616.320000000002,0.028571428571428574
North,2023-05-18,14911.51,0.0,35.3,3,5,0,13634.79,14735.564285714287,0.028571428571428574
North,2023-05-19,13889.78,0.0,37.5,4,5,0,14911.51,14389.038571428571,0.028571428571428574
North,2023-05-20,12526.67,0.0,39.7,5,5,1,13889.78,14228.800000000001,0.014285714285714287
North,2023-05-21,15995.77,0.0,42.3,6,5,1,12526.67,14764.394285714287,0.0
North,2023-05-22,18084.92,0.0,44.6,0,5,0,15995.77,15005.135714285716,0.0
North,2023-05-23,13128.47,0.0,47.0,1,5,0,18084.92,14595.98714285714,0.0
North,2023-05-24,16076.13,0.0,49.2,2,5,0,13128.47,14944.75,0.0
South,2023-01-02,4028.49,4.7,0.5,0,1,0,6722.73,5375.61,4.95
South,2023-01-03,6699.87,1.0,0.5,1,1,0,4028.49,5817.03,3.6333333333333333
South,2023-01-04,7776.88,7.0,0.7,2,1,0,6699.87,6306.9925,4.475
South,2023-01-05,2500.0,51.5,3.2,3,1,0,7776.88,5545.594,13.88
South,2023-01-06,4710.93,1.1,3.2,4,1,0,2500.0,5406.483333333334,11.75
South,2023-01-07,6397.39,4.1,2.9,5,1,1,4710.93,5548.041428571429,10.657142857142857
South,2023-01-08,4508.78,19.5,3.6,6,1,1,6397.39,5231.762857142857,12.7
South,2023-01-09,3983.88,52.1,6.6,0,1,0,4508.78,5225.39,19.47142857142857
South,2023-01-10,3147.82,39.3,9.1,1,1,0,3983.88,4717.954285714286,24.942857142857143
South,2023-01-11,5683.15,22.0,10.0,2,1,0,3147.82,4418.85,27.085714285714285
South,2023-01-12,6488.8,0.9,10.0,3,1,0,5683.15,4988.678571428572,19.857142857142858
South,2023-01-13,7538.15,17.9,11.3,4,1,0,6488.8,5392.567142857143,22.25714285714286
South,2023-01-14,4661.8,42.0,14.1,5,1,1,7538.15,5144.625714285714,27.67142857142857
South,2023-01-15,6333.58,12.9,14.3,6,1,1,4661.8,5405.311428571428,26.728571428571428
South,2023-01-16,4605.14,28.3,15.2,0,1,0,6333.58,5494.062857142858,23.32857142857143
South,2023-01-17,6053.56,0.1,15.0,1,1,0,4605.14,5909.168571428572,17.728571428571428
South,2023-01-18,5880.56,4.8,15.2,2,1,0,6053.56,5937.370000000001,15.271428571428572
South,2023-01-19,6799.34,10.7,15.6,3,1,0,5880.56,5981.732857142857,16.67142857142857
South,2023-01-20,6171.73,0.0,15.2,4,1,0,6799.34,5786.53,14.114285714285714
South,2023-01-21,6970.07,0.0,15.2,5,1,1,6171.73,6116.282857142857,8.114285714285714
South,2023-01-22,9652.95,0.0,15.9,6,1,1,6970.07,6590.478571428573,6.271428571428572
South,2023-01-23,8123.8,0.0,14.7,0,1,0,9652.95,7093.144285714286,2.228571428571428
South,2023-01-24,6332.96,0.0,14.5,1,1,0,8123.8,7133.058571428571,2.214285714285714
South,2023-01-25,8628.84,0.0,14.5,2,1,0,6332.96,7525.67,1.5285714285714285
South,2023-01-26,6220.04,0.0,14.7,3,1,0,8628.84,7442.912857142858,0.0
South,2023-01-27,3780.24,0.0,14.5,4,1,0,6220.04,7101.271428571429,0.0
South,2023-01-28,5056.97,0.0,14.5,5,1,1,3780.24,6827.971428571429,0.0
South,2023-01-29,3540.12,4.3,14.7,6,1,1,5056.97,5954.71,0.6142857142857142
South,2023-01-30,6326.67,0.0,14.3,0,1,0,3540.12,5697.977142857143,0.6142857142857142
South,2023-01-31,6887.31,0.0,13.8,1,1,0,6326.67,5777.17,0.6142857142857142
South,2023-02-01,9380.19,0.0,13.8,2,2,0,6887.31,5884.505714285714,0.6142857142857142
South,2023-02-02,7361.9,0.0,13.8,3,2,0,9380.19,6047.6285714285705,0.6142857142857142
South,2023-02-03,6488.17,1.1,13.6,4,2,0,7361.9,6434.475714285714,0.7714285714285715
South,2023-02-04,7221.36,11.9,14.7,5,2,1,6488.17,6743.674285714286,2.4714285714285715
South,2023-02-05,2500.0,19.4,16.6,6,2,1,7221.36,6595.085714285715,4.628571428571428
South,2023-02-06,7249.91,0.0,16.6,0,2,0,2500.0,6726.977142857142,4.628571428571428
South,2023-02-07,8059.3,0.0,16.6,1,2,0,7249.91,6894.404285714286,4.628571428571428
South,2023-02-08,4691.73,0.0,16.6,2,2,0,8059.3,6224.624285714285,4.628571428571428
South,2023-02-09,8631.96,0.0,16.6,3,2,0,4691.73,6406.061428571428,4.628571428571428
South,2023-02-10,7425.35,0.1,16.6,4,2,0,8631.96,6539.944285714286,4.485714285714286
South,2023-02-11,5817.75,4.0,17.0,5,2,1,7425.35,6339.428571428572,3.357142857142857
South,2023-02-12,7608.74,0.0,16.6,6,2,1,5817.75,7069.248571428571,0.5857142857142856
South,2023-02-13,10350.18,0.0,16.6,0,2,0,7608.74,7512.144285714286,0.5857142857142856
South,2023-02-14,7108.1,2.1,15.9,1,2,0,10350.18,7376.2585714285715,0.8857142857142858
South,2023-02-15,7330.92,0.0,15.9,2,2,0,7108.1,7753.285714285715,0.8857142857142858
South,2023-02-16,6276.91,0.0,15.9,3,2,0,7330.92,7416.85,0.8857142857142858
South,2023-02-17,5698.63,0.0,15.6,4,2,0,6276.91,7170.175714285715,0.8714285714285716
South,2023-02-18,7947.18,0.0,15.6,5,2,1,5698.63,7474.379999999999,0.3000000000000001
South,2023-02-19,5424.85,0.0,15.6,6,2,1,7947.18,7162.395714285713,0.3000000000000001
South,2023-02-20,7103.55,0.0,15.6,0,2,0,5424.85,6698.591428571429,0.3000000000000001
South,2023-02-21,5939.39,6.3,15.6,1,2,0,7103.55,6531.632857142858,0.9000000000000001
South,2023-02-22,7326.92,7.3,16.6,2,2,0,5939.39,6531.061428571428,1.9428571428571428
South,2023-02-23,6691.42,15.0,16.3,3,2,0,7326.92,6590.277142857143,4.085714285714286
South,2023-02-24,7202.7,25.0,16.8,4,2,0,6691.42,6805.144285714286,7.6571428571428575
South,2023-02-25,5464.12,9.9,17.5,5,2,1,7202.7,6450.421428571429,9.071428571428571
South,2023-02-26,5402.48,18.0,17.9,6,2,1,5464.12,6447.225714285714,11.642857142857142
South,2023-02-27,3390.34,39.7,19.3,0,2,0,5402.48,5916.767142857143,17.314285714285713
South,2023-02-28,3527.88,58.4,21.5,1,2,0,3390.34,5572.265714285714,24.75714285714286
South,2023-03-01,8154.52,2.4,21.3,2,3,0,3527.88,5690.494285714286,24.057142857142857
South,2023-03-02,8878.23,0.0,20.9,3,3,0,8154.52,6002.895714285715,21.914285714285715
South,2023-03-03,6368.66,0.0,20.9,4,3,0,8878.23,5883.747142857143,18.342857142857145
South,2023-03-04,7727.92,17.7,21.3,5,3,1,6368.66,6207.147142857143,19.457142857142856
South,2023-03-05,8007.4,25.6,22.7,6,3,1,7727.92,6579.278571428571,20.542857142857144
South,2023-03-06,8115.73,4.7,22.7,0,3,0,8007.4,7254.334285714285,15.542857142857143
South,2023-03-07,10211.31,6.5,22.7,1,3,0,8115.73,8209.109999999999,8.128571428571428
South,2023-03-08,5845.86,13.1,23.1,2,3,0,10211.31,7879.301428571429,9.657142857142857
South,2023-03-09,4109.26,30.3,24.7,3,3,0,5845.86,7198.0199999999995,13.985714285714286
South,2023-03-10,2707.09,40.4,27.4,4,3,0,4109.26,6674.938571428572,19.75714285714286
South,2023-03-11,9206.44,17.9,30.2,5,3,1,2707.09,6886.155714285714,19.785714285714285
South,2023-03-12,8109.76,15.4,32.0,6,3,1,9206.44,6900.778571428571,18.32857142857143
South,2023-03-13,7794.13,8.6,32.4,0,3,0,8109.76,6854.835714285715,18.885714285714283
South,2023-03-14,5610.27,50.1,34.7,1,3,0,7794.13,6197.544285714285,25.114285714285717
South,2023-03-15,6736.41,0.5,34.5,2,3,0,5610.27,6324.765714285714,23.314285714285713
South,2023-03-16,12136.13,0.0,34.5,3,3,0,6736.41,7471.461428571429,18.985714285714284
South,2023-03-17,8671.7,0.0,34.7,4,3,0,12136.13,8323.548571428571,13.214285714285714
South,2023-03-18,8312.82,0.0,34.9,5,3,1,8671.7,8195.888571428572,10.657142857142857
South,2023-03-19,8467.36,12.5,36.1,6,3,1,8312.82,8246.974285714286,10.242857142857144
South,2023-03-20,9055.08,2.7,35.8,0,3,0,8467.36,8427.109999999999,9.4
South,2023-03-21,8569.3,4.4,36.3,1,3,0,9055.08,8849.828571428572,2.8714285714285714
South,2023-03-22,7259.68,1.3,36.3,2,3,0,8569.3,8924.581428571428,2.985714285714286
South,2023-03-23,8968.01,4.3,36.5,3,3,0,7259.68,8471.992857142857,3.6
South,2023-03-24,11230.75,2.2,36.5,4,3,0,8968.01,8837.57142857143,3.914285714285714
South,2023-03-25,10224.32,0.2,36.5,5,3,1,11230.75,9110.642857142857,3.942857142857143
South,2023-03-26,10593.47,0.4,36.5,6,3,1,10224.32,9414.372857142856,2.2142857142857144
South,2023-03-27,7815.07,0.0,36.3,0,3,0,10593.47,9237.228571428572,1.8285714285714287
South,2023-03-28,4390.85,41.8,37.4,1,3,0,7815.07,8640.307142857142,7.171428571428571
South,2023-03-29,8173.42,3.7,37.9,2,3,0,4390.85,8770.841428571428,7.514285714285714
South,2023-03-30,8631.51,1.0,37.9,3,3,0,8173.42,8722.77,7.042857142857143
South,2023-03-31,10264.5,0.0,37.9,4,3,0,8631.51,8584.734285714285,6.728571428571429
South,2023-04-01,5749.45,0.0,37.9,5,4,1,10264.5,7945.467142857143,6.7
South,2023-04-02,10392.62,3.2,38.1,6,4,1,5749.45,7916.774285714286,7.1
South,2023-04-03,8215.41,3.1,38.1,0,4,0,10392.62,7973.965714285715,7.542857142857143
South,2023-04-04,8023.77,0.0,37.9,1,4,0,8215.41,8492.954285714286,1.5714285714285714
South,2023-04-05,7156.05,0.0,37.9,2,4,0,8023.77,8347.615714285714,1.042857142857143
South,2023-04-06,6202.01,0.0,37.9,3,4,0,7156.05,8000.544285714286,0.9000000000000001
South,2023-04-07,9240.08,10.6,37.9,4,4,0,6202.01,7854.198571428571,2.414285714285714
South,2023-04-08,8466.12,0.0,37.9,5,4,1,9240.08,8242.294285714286,2.414285714285714
South,2023-04-09,6430.73,0.0,38.3,6,4,1,8466.12,7676.31,1.9571428571428573
South,2023-04-10,6781.5,0.0,38.5,0,4,0,6430.73,7471.465714285715,1.5142857142857142
South,2023-04-11,8230.26,0.0,38.8,1,4,0,6781.5,7500.964285714285,1.5142857142857142
South,2023-04-12,11247.23,0.0,39.2,2,4,0,8230.26,8085.418571428571,1.5142857142857142
South,2023-04-13,8364.0,0.0,39.7,3,4,0,11247.23,8394.274285714286,1.5142857142857142
South,2023-04-14,6508.3,0.0,39.9,4,4,0,8364.0,8004.0199999999995,0.0
South,2023-04-15,8053.05,0.0,40.4,5,4,1,6508.3,7945.01,0.0
South,2023-04-16,8021.69,0.0,40.4,6,4,1,8053.05,8172.29,0.0
South,2023-04-17,4720.13,0.4,41.0,0,4,0,8021.69,7877.808571428571,0.05714285714285715
South,2023-04-18,7841.85,13.5,41.3,1,4,0,4720.13,7822.321428571428,1.9857142857142858
South,2023-04-19,8463.64,0.0,41.5,2,4,0,7841.85,7424.665714285715,1.9857142857142858
South,2023-04-20,9863.51,0.0,41.7,3,4,0,8463.64,7638.881428571428,1.9857142857142858
South,2023-04-21,11601.72,0.0,42.4,4,4,0,9863.51,8366.512857142856,1.9857142857142858
South,2023-04-22,10173.63,0.0,42.9,5,4,1,11601.72,8669.452857142856,1.9857142857142858
South,2023-04-23,8088.99,0.0,43.3,6,4,1,10173.63,8679.067142857142,1.9857142857142858
South,2023-04-24,7195.18,0.0,44.0,0,4,0,8088.99,9032.645714285714,1.9285714285714286
South,2023-04-25,12723.72,0.0,44.4,1,4,0,7195.18,9730.055714285714,0.0
South,2023-04-26,8961.11,0.0,45.4,2,4,0,12723.72,9801.122857142856,0.0
South,2023-04-27,8901.68,0.0,46.0,3,4,0,8961.11,9663.718571428572,0.0
South,2023-04-28,8853.0,0.0,46.7,4,4,0,8901.68,9271.044285714286,0.0
South,2023-04-29,8838.71,0.0,47.8,5,4,1,8853.0,9080.341428571428,0.0
South,2023-04-30,8332.89,0.0,48.8,6,4,1,8838.71,9115.184285714286,0.0
South,2023-05-01,8027.24,0.4,49.7,0,5,0,8332.89,9234.050000000001,0.05714285714285715
South,2023-05-02,7399.4,10.8,51.5,1,5,0,8027.24,8473.432857142858,1.6
South,2023-05-03,8665.89,3.3,52.2,2,5,0,7399.4,8431.25857142857,2.0714285714285716
South,2023-05-04,8011.61,1.7,52.4,3,5,0,8665.89,8304.105714285713,2.314285714285714
South,2023-05-05,7661.07,3.3,53.3,4,5,0,8011.61,8133.83,2.7857142857142856
South,2023-05-06,8423.15,5.3,54.0,5,5,1,7661.07,8074.464285714285,3.542857142857143
South,2023-05-07,8218.81,0.0,54.2,6,5,1,8423.15,8058.167142857143,3.542857142857143
South,2023-05-08,11196.87,0.4,54.4,0,5,0,8218.81,8510.971428571427,3.542857142857143
South,2023-05-09,4997.52,0.0,55.1,1,5,0,11196.87,8167.845714285714,2.0
South,2023-05-10,10618.19,0.0,55.3,2,5,0,4997.52,8446.745714285715,1.5285714285714285
South,2023-05-11,10856.88,0.0,56.0,3,5,0,10618.19,8853.212857142858,1.2857142857142858
South,2023-05-12,5884.36,0.0,56.5,4,5,0,10856.88,8599.397142857142,0.8142857142857143
South,2023-05-13,8126.92,0.0,57.8,5,5,1,5884.36,8557.078571428572,0.05714285714285715
South,2023-05-14,7946.42,2.3,58.5,6,5,1,8126.92,8518.165714285715,0.3857142857142857
South,2023-05-15,6902.4,0.0,59.2,0,5,0,7946.42,7904.67,0.32857142857142857
South,2023-05-16,7853.06,0.0,60.3,1,5,0,6902.4,8312.604285714286,0.32857142857142857
South,2023-05-17,7359.9,0.0,61.5,2,5,0,7853.06,7847.134285714286,0.32857142857142857
South,2023-05-18,11659.99,0.0,62.6,3,5,0,7359.9,7961.864285714285,0.32857142857142857
South,2023-05-19,10440.78,0.0,63.7,4,5,0,11659.99,8612.781428571428,0.32857142857142857
South,2023-05-20,10588.42,0.0,65.1,5,5,1,10440.78,8964.424285714285,0.32857142857142857
South,2023-05-21,9750.03,0.3,66.7,6,5,1,10588.42,9222.082857142857,0.04285714285714286
South,2023-05-22,7359.81,0.0,68.0,0,5,0,9750.03,9287.427142857143,0.04285714285714286
South,2023-05-23,8271.67,0.0,69.4,1,5,0,7359.81,9347.228571428572,0.04285714285714286
South,2023-05-24,9433.42,5.6,71.0,2,5,0,8271.67,9643.445714285714,0.8428571428571427
West,2023-01-02,11277.15,0.5,37.3,0,1,0,12094.48,11685.814999999999,13.75
West,2023-01-03,11822.75,0.5,42.9,1,1,0,11277.15,11731.46,9.333333333333334
West,2023-01-04,14988.75,0.1,49.7,2,1,0,11822.75,12545.7825,7.025
West,2023-01-05,14139.67,0.0,57.3,3,1,0,14988.75,12864.560000000001,5.62
West,2023-01-06,13610.62,0.0,53.5,4,1,0,14139.67,12988.903333333334,4.683333333333334
West,2023-01-07,13362.06,0.0,49.7,5,1,1,13610.62,13042.211428571429,4.014285714285714
West,2023-01-08,13859.25,0.0,47.4,6,1,1,13362.06,13294.32142857143,0.15714285714285717
West,2023-01-09,13087.78,0.0,48.8,0,1,0,13859.25,13552.982857142855,0.08571428571428572
West,2023-01-10,12662.46,1.1,50.1,1,1,0,13087.78,13672.941428571428,0.17142857142857146
West,2023-01-11,14199.37,0.0,57.3,2,1,0,12662.46,13560.172857142856,0.15714285714285717
West,2023-01-12,12442.42,0.0,67.2,3,1,0,14199.37,13317.70857142857,0.15714285714285717
West,2023-01-13,14526.92,0.0,64.5,4,1,0,12442.42,13448.608571428573,0.15714285714285717
West,2023-01-14,10683.84,2.0,64.5,5,1,1,14526.92,13066.005714285715,0.4428571428571429
West,2023-01-15,14405.55,8.1,67.2,6,1,1,10683.84,13144.048571428571,1.5999999999999999
West,2023-01-16,14215.75,6.5,76.9,0,1,0,14405.55,13305.187142857143,2.5285714285714285
West,2023-01-17,14305.7,0.2,89.7,1,1,0,14215.75,13539.935714285715,2.3999999999999995
West,2023-01-18,15414.18,0.0,91.9,2,1,0,14305.7,13713.48,2.3999999999999995
West,2023-01-19,16444.02,0.0,95.1,3,1,0,15414.18,14285.137142857144,2.3999999999999995
West,2023-01-20,15453.71,0.3,91.9,4,1,0,16444.02,14417.535714285714,2.4428571428571426
West,2023-01-21,10638.05,0.0,91.0,5,1,1,15453.71,14410.994285714285,2.157142857142857
West,2023-01-22,11485.94,0.0,88.5,6,1,1,10638.05,13993.907142857144,1.0
West,2023-01-23,13033.0,0.0,78.7,0,1,0,11485.94,13824.942857142858,0.07142857142857142
West,2023-01-24,14015.91,0.0,68.3,1,1,0,13033.0,13783.544285714286,0.04285714285714286
West,2023-01-25,14759.96,0.0,58.2,2,1,0,14015.91,13690.084285714285,0.04285714285714286
West,2023-01-26,12901.73,0.0,56.4,3,1,0,14759.96,13184.042857142858,0.04285714285714286
West,2023-01-27,14277.54,0.0,52.6,4,1,0,12901.73,13016.01857142857,0.0
West,2023-01-28,12311.33,0.0,52.1,5,1,1,14277.54,13255.058571428572,0.0
West,2023-01-29,12534.2,0.0,42.9,6,1,1,12311.33,13404.81,0.0
West,2023-01-30,11902.98,0.1,38.7,0,1,0,12534.2,13243.378571428571,0.014285714285714287
West,2023-01-31,12642.3,0.0,37.3,1,1,0,11902.98,13047.14857142857,0.014285714285714287
West,2023-02-01,11025.0,0.0,28.5,2,2,0,12642.3,12513.582857142857,0.014285714285714287
West,2023-02-02,12579.15,0.0,40.7,3,2,0,11025.0,12467.5,0.014285714285714287
West,2023-02-03,15631.55,0.0,43.6,4,2,0,12579.15,12660.929999999998,0.014285714285714287
West,2023-02-04,12072.9,0.0,43.6,5,2,1,15631.55,12626.868571428571,0.014285714285714287
West,2023-02-05,17453.65,0.0,45.8,6,2,1,12072.9,13329.647142857142,0.014285714285714287
West,2023-02-06,14816.33,0.0,43.6,0,2,0,17453.65,13745.839999999998,0.0
West,2023-02-07,14362.31,0.0,41.1,1,2,0,14816.33,13991.555714285714,0.0
West,2023-02-08,12806.36,0.0,48.3,2,2,0,14362.31,14246.035714285714,0.0
West,2023-02-09,15153.34,0.0,66.3,3,2,0,12806.36,14613.777142857143,0.0
West,2023-02-10,13248.52,0.0,61.6,4,2,0,15153.34,14273.344285714285,0.0
West,2023-02-11,13739.38,0.0,57.8,5,2,1,13248.52,14511.412857142857,0.0
West,2023-02-12,17399.24,0.1,47.9,6,2,1,13739.38,14503.640000000001,0.014285714285714287
West,2023-02-13,13995.97,0.0,44.9,0,2,0,17399.24,14386.445714285714,0.014285714285714287
West,2023-02-14,15795.57,1.2,48.3,1,2,0,13995.97,14591.197142857143,0.18571428571428572
West,2023-02-15,13104.62,0.0,48.8,2,2,0,15795.57,14633.805714285714,0.18571428571428572
West,2023-02-16,14116.74,0.0,57.3,3,2,0,13104.62,14485.72,0.18571428571428572
West,2023-02-17,16835.37,0.0,48.8,4,2,0,14116.74,14998.127142857144,0.18571428571428572
West,2023-02-18,12681.21,0.0,39.6,5,2,1,16835.37,14846.960000000001,0.18571428571428572
West,2023-02-19,16350.09,0.0,33.0,6,2,1,12681.21,14697.08142857143,0.17142857142857143
West,2023-02-20,15271.28,0.0,34.8,0,2,0,16350.09,14879.268571428573,0.17142857142857143
West,2023-02-21,13376.32,0.0,36.4,1,2,0,15271.28,14533.661428571428,0.0
West,2023-02-22,15114.09,1.0,45.4,2,2,0,13376.32,14820.728571428572,0.14285714285714285
West,2023-02-23,15673.87,0.4,64.0,3,2,0,15114.09,15043.175714285713,0.19999999999999998
West,2023-02-24,15177.9,0.1,62.9,4,2,0,15673.87,14806.394285714285,0.21428571428571427
West,2023-02-25,10906.03,6.9,59.3,5,2,1,15177.9,14552.797142857142,1.2
West,2023-02-26,12549.2,1.0,58.7,6,2,1,10906.03,14009.812857142857,1.342857142857143
West,2023-02-27,13912.86,0.0,54.8,0,2,0,12549.2,13815.752857142857,1.342857142857143
West,2023-02-28,14183.46,0.0,50.1,1,2,0,13912.86,13931.058571428572,1.342857142857143
West,2023-03-01,14905.67,5.1,54.4,2,3,0,14183.46,13901.284285714284,1.9285714285714286
West,2023-03-02,14486.34,1.5,71.5,3,3,0,14905.67,13731.637142857144,2.085714285714286
West,2023-03-03,12325.46,0.0,70.1,4,3,0,14486.34,13324.145714285714,2.0714285714285716
West,2023-03-04,14336.44,0.0,73.0,5,3,1,12325.46,13814.204285714284,1.0857142857142856
West,2023-03-05,14692.89,0.0,87.2,6,3,1,14336.44,14120.445714285714,0.9428571428571428
West,2023-03-06,15202.11,0.0,80.7,0,3,0,14692.89,14304.624285714284,0.9428571428571428
West,2023-03-07,15995.03,0.0,77.3,1,3,0,15202.11,14563.42,0.9428571428571428
West,2023-03-08,15636.22,0.0,66.7,2,3,0,15995.03,14667.784285714286,0.21428571428571427
West,2023-03-09,15085.63,0.0,72.6,3,3,0,15636.22,14753.397142857142,0.0
West,2023-03-10,14296.69,0.1,57.3,4,3,0,15085.63,15035.00142857143,0.014285714285714287
West,2023-03-11,11351.81,0.0,43.1,5,3,1,14296.69,14608.625714285716,0.014285714285714287
West,2023-03-12,14498.86,0.0,30.6,6,3,1,11351.81,14580.907142857144,0.014285714285714287
West,2023-03-13,14754.92,0.0,31.9,0,3,0,14498.86,14517.022857142858,0.014285714285714287
West,2023-03-14,14758.47,1.6,36.0,1,3,0,14754.92,14340.371428571429,0.24285714285714288
West,2023-03-15,12096.72,7.0,46.3,2,3,0,14758.47,13834.728571428572,1.2428571428571427
West,2023-03-16,12850.53,0.1,77.8,3,3,0,12096.72,13515.42857142857,1.2571428571428573
West,2023-03-17,16070.13,0.0,75.3,4,3,0,12850.53,13768.777142857141,1.242857142857143
West,2023-03-18,13862.78,0.0,75.3,5,3,1,16070.13,14127.48714285714,1.242857142857143
West,2023-03-19,14955.71,0.0,67.9,6,3,1,13862.78,14192.751428571428,1.242857142857143
West,2023-03-20,14568.32,0.0,59.3,0,3,0,14955.71,14166.094285714284,1.242857142857143
West,2023-03-21,14231.31,5.4,45.8,1,3,0,14568.32,14090.785714285714,1.7857142857142858
West,2023-03-22,15943.93,0.2,53.9,2,3,0,14231.31,14640.387142857142,0.8142857142857143
West,2023-03-23,13787.27,0.0,67.9,3,3,0,15943.93,14774.207142857142,0.8
West,2023-03-24,14717.35,0.0,56.0,4,3,0,13787.27,14580.952857142856,0.8
West,2023-03-25,13308.18,0.0,52.6,5,3,1,14717.35,14501.724285714286,0.8
West,2023-03-26,13361.19,0.0,54.8,6,3,1,13308.18,14273.935714285715,0.8
West,2023-03-27,14144.84,0.0,65.8,0,3,0,13361.19,14213.438571428573,0.8
West,2023-03-28,14953.57,0.0,80.0,1,3,0,14144.84,14316.618571428573,0.028571428571428574
West,2023-03-29,13914.01,0.0,83.4,2,3,0,14953.57,14026.630000000001,0.0
West,2023-03-30,16527.49,0.0,94.2,3,3,0,13914.01,14418.09,0.0
West,2023-03-31,13313.65,0.0,87.2,4,3,0,16527.49,14217.56142857143,0.0
West,2023-04-01,13800.23,0.0,85.4,5,4,1,13313.65,14287.854285714286,0.0
West,2023-04-02,13432.11,0.0,87.2,6,4,1,13800.23,14297.985714285713,0.0
West,2023-04-03,16860.92,0.0,93.3,0,4,0,13432.11,14685.997142857143,0.0
West,2023-04-04,14996.84,0.0,89.0,1,4,0,16860.92,14692.17857142857,0.0
West,2023-04-05,16261.27,0.0,82.0,2,4,0,14996.84,15027.501428571428,0.0
West,2023-04-06,12496.62,0.0,90.1,3,4,0,16261.27,14451.662857142856,0.0
West,2023-04-07,15136.94,0.0,74.8,4,4,0,12496.62,14712.132857142857,0.0
West,2023-04-08,15492.25,0.0,69.7,5,4,1,15136.94,14953.85,0.0
West,2023-04-09,14292.06,0.0,61.6,6,4,1,15492.25,15076.699999999999,0.0
West,2023-04-10,16368.44,0.0,58.2,0,4,0,14292.06,15006.345714285713,0.0
West,2023-04-11,14005.45,0.0,54.4,1,4,0,16368.44,14864.718571428572,0.0
West,2023-04-12,16906.49,0.0,44.9,2,4,0,14005.45,14956.892857142857,0.0
West,2023-04-13,18251.83,0.0,49.7,3,4,0,16906.49,15779.065714285714,0.0
West,2023-04-14,14270.16,0.0,41.6,4,4,0,18251.83,15655.240000000002,0.0
West,2023-04-15,13564.01,0.0,35.3,5,4,1,14270.16,15379.777142857143,0.0
West,2023-04-16,16422.69,0.0,31.0,6,4,1,13564.01,15684.152857142859,0.0
West,2023-04-17,17216.1,0.0,36.4,0,4,0,16422.69,15805.247142857144,0.0
West,2023-04-18,14073.06,0.0,45.4,1,4,0,17216.1,15814.905714285715,0.0
West,2023-04-19,14237.58,0.0,47.0,2,4,0,14073.06,15433.632857142857,0.0
West,2023-04-20,14455.6,0.0,62.0,3,4,0,14237.58,14891.314285714285,0.0
West,2023-04-21,12871.91,0.0,58.2,4,4,0,14455.6,14691.564285714285,0.0
West,2023-04-22,12924.87,0.0,60.2,5,4,1,12871.91,14600.25857142857,0.0
West,2023-04-23,12806.35,0.0,61.6,6,4,1,12924.87,14083.638571428572,0.0
West,2023-04-24,13767.22,0.0,59.8,0,4,0,12806.35,13590.941428571428,0.0
West,2023-04-25,14876.78,0.0,63.4,1,4,0,13767.22,13705.75857142857,0.0
West,2023-04-26,15289.91,0.0,57.8,2,4,0,14876.78,13856.09142857143,0.0
West,2023-04-27,17274.0,0.0,73.0,3,4,0,15289.91,14258.720000000001,0.0
West,2023-04-28,13460.27,0.0,62.0,4,4,0,17274.0,14342.771428571428,0.0
West,2023-04-29,15845.02,0.0,62.5,5,4,1,13460.27,14759.935714285715,0.0
West,2023-04-30,14056.47,0.0,60.7,6,4,1,15845.02,14938.524285714286,0.0
West,2023-05-01,14911.49,0.0,67.9,0,5,0,14056.47,15101.99142857143,0.0
West,2023-05-02,16006.96,0.0,64.0,1,5,0,14911.49,15263.445714285714,0.0
West,2023-05-03,13319.55,0.0,69.7,2,5,0,16006.96,14981.965714285714,0.0
West,2023-05-04,15586.02,0.0,91.9,3,5,0,13319.55,14740.825714285715,0.0
West,2023-05-05,15270.72,0.0,91.0,4,5,0,15586.02,14999.461428571429,0.0
West,2023-05-06,15167.03,0.0,93.3,5,5,1,15270.72,14902.605714285713,0.0
West,2023-05-07,14870.12,0.0,85.4,6,5,1,15167.03,15018.841428571428,0.0
West,2023-05-08,18729.04,0.0,94.6,0,5,0,14870.12,15564.205714285714,0.0
West,2023-05-09,14097.54,0.0,95.1,1,5,0,18729.04,15291.43142857143,0.0
West,2023-05-10,14265.56,0.0,91.9,2,5,0,14097.54,15426.575714285715,0.0
West,2023-05-11,14135.1,0.0,100.0,3,5,0,14265.56,15219.30142857143,0.0
West,2023-05-12,14244.19,0.0,89.7,4,5,0,14135.1,15072.654285714289,0.0
West,2023-05-13,13525.37,0.0,81.6,5,5,1,14244.19,14838.13142857143,0.0
West,2023-05-14,16271.97,0.0,71.0,6,5,1,13525.37,15038.395714285714,0.0
West,2023-05-15,17230.01,0.0,74.8,0,5,0,16271.97,14824.248571428572,0.0
West,2023-05-16,14250.09,0.0,70.6,1,5,0,17230.01,14846.041428571427,0.0
West,2023-05-17,13864.46,0.0,56.9,2,5,0,14250.09,14788.74142857143,0.0
West,2023-05-18,15826.74,0.0,53.0,3,5,0,13864.46,15030.404285714283,0.0
West,2023-05-19,14258.74,0.6,36.4,4,5,0,15826.74,15032.482857142855,0.08571428571428572
West,2023-05-20,15476.46,0.0,38.7,5,5,1,14258.74,15311.210000000001,0.08571428571428572
West,2023-05-21,14837.31,0.0,49.2,6,5,1,15476.46,15106.25857142857,0.08571428571428572
West,2023-05-22,12870.78,0.0,57.3,0,5,0,14837.31,14483.511428571428,0.08571428571428572
West,2023-05-23,17471.4,0.0,61.6,1,5,0,12870.78,14943.698571428571,0.08571428571428572
West,2023-05-24,17849.54,0.0,62.9,2,5,0,17471.4,15512.995714285715,0.08571428571428572
