date,region,reservoir_name,rainfall_mm
2023-01-01,Central,Flathead Lake,0.3
2023-01-01,East,Lake Mohave,10.7
2023-01-01,North,Lake Powell,8.6
2023-01-01,South,Lake Tahoe,5.2
2023-01-01,West,Lake Havasu,27.0
2023-01-02,Central,Flathead Lake,0.0
2023-01-02,East,Lake Mohave,0.4
2023-01-02,North,Lake Powell,0.1
2023-01-02,South,Lake Tahoe,4.7
2023-01-02,West,Lake Havasu,0.5
2023-01-03,Central,Flathead Lake,0.0
2023-01-03,East,Lake Mohave,0.7
2023-01-03,North,Lake Powell,3.1
2023-01-03,South,Lake Tahoe,1.0
2023-01-03,West,Lake Havasu,0.5
2023-01-04,Central,Flathead Lake,0.0
2023-01-04,East,Lake Mohave,0.3
2023-01-04,North,Lake Powell,0.0
2023-01-04,South,Lake Tahoe,7.0
2023-01-04,West,Lake Havasu,0.1
2023-01-05,Central,Flathead Lake,0.3
2023-01-05,East,Lake Mohave,3.6
2023-01-05,North,Lake Powell,3.7
2023-01-05,South,Lake Tahoe,51.5
2023-01-05,West,Lake Havasu,0.0
2023-01-06,Central,Flathead Lake,0.0
2023-01-06,East,Lake Mohave,0.0
2023-01-06,North,Lake Powell,0.1
2023-01-06,South,Lake Tahoe,1.1
2023-01-06,West,Lake Havasu,0.0
2023-01-07,Central,Flathead Lake,0.0
2023-01-07,East,Lake Mohave,0.0
2023-01-07,North,Lake Powell,0.0
2023-01-07,South,Lake Tahoe,4.1
2023-01-07,West,Lake Havasu,0.0
2023-01-08,Central,Flathead Lake,0.3
2023-01-08,East,Lake Mohave,0.0
2023-01-08,North,Lake Powell,0.2
2023-01-08,South,Lake Tahoe,19.5
2023-01-08,West,Lake Havasu,0.0
2023-01-09,Central,Flathead Lake,3.5
2023-01-09,East,Lake Mohave,0.0
2023-01-09,North,Lake Powell,0.0
2023-01-09,South,Lake Tahoe,52.1
2023-01-09,West,Lake Havasu,0.0
2023-01-10,Central,Flathead Lake,0.2
2023-01-10,East,Lake Mohave,5.2
2023-01-10,North,Lake Powell,6.7
2023-01-10,South,Lake Tahoe,39.3
2023-01-10,West,Lake Havasu,1.1
2023-01-11,Central,Flathead Lake,0.0
2023-01-11,East,Lake Mohave,0.0
2023-01-11,North,Lake Powell,0.0
2023-01-11,South,Lake Tahoe,22.0
2023-01-11,West,Lake Havasu,0.0
2023-01-12,Central,Flathead Lake,0.0
2023-01-12,East,Lake Mohave,0.0
2023-01-12,North,Lake Powell,0.0
2023-01-12,South,Lake Tahoe,0.9
2023-01-12,West,Lake Havasu,0.0
2023-01-13,Central,Flathead Lake,0.0
2023-01-13,East,Lake Mohave,0.0
2023-01-13,North,Lake Powell,0.0
2023-01-13,South,Lake Tahoe,17.9
2023-01-13,West,Lake Havasu,0.0
2023-01-14,Central,Flathead Lake,0.2
2023-01-14,East,Lake Mohave,6.5
2023-01-14,North,Lake Powell,0.8
2023-01-14,South,Lake Tahoe,42.0
2023-01-14,West,Lake Havasu,2.0
2023-01-15,Central,Flathead Lake,1.6
2023-01-15,East,Lake Mohave,10.8
2023-01-15,North,Lake Powell,3.0
2023-01-15,South,Lake Tahoe,12.9
2023-01-15,West,Lake Havasu,8.1
2023-01-16,Central,Flathead Lake,0.7
2023-01-16,East,Lake Mohave,5.6
2023-01-16,North,Lake Powell,2.6
2023-01-16,South,Lake Tahoe,28.3
2023-01-16,West,Lake Havasu,6.5
2023-01-17,Central,Flathead Lake,2.1
2023-01-17,East,Lake Mohave,0.8
2023-01-17,North,Lake Powell,6.1
2023-01-17,South,Lake Tahoe,0.1
2023-01-17,West,Lake Havasu,0.2
2023-01-18,Central,Flathead Lake,0.0
2023-01-18,East,Lake Mohave,0.0
2023-01-18,North,Lake Powell,0.0
2023-01-18,South,Lake Tahoe,4.8
2023-01-18,West,Lake Havasu,0.0
2023-01-19,Central,Flathead Lake,0.7
2023-01-19,East,Lake Mohave,1.5
2023-01-19,North,Lake Powell,0.1
2023-01-19,South,Lake Tahoe,10.7
2023-01-19,West,Lake Havasu,0.0
2023-01-20,Central,Flathead Lake,0.0
2023-01-20,East,Lake Mohave,0.0
2023-01-20,North,Lake Powell,2.6
2023-01-20,South,Lake Tahoe,0.0
2023-01-20,West,Lake Havasu,0.3
2023-01-21,Central,Flathead Lake,0.0
2023-01-21,East,Lake Mohave,0.0
2023-01-21,North,Lake Powell,0.0
2023-01-21,South,Lake Tahoe,0.0
2023-01-21,West,Lake Havasu,0.0
2023-01-22,Central,Flathead Lake,0.4
2023-01-22,East,Lake Mohave,0.0
2023-01-22,North,Lake Powell,1.0
2023-01-22,South,Lake Tahoe,0.0
2023-01-22,West,Lake Havasu,0.0
2023-01-23,Central,Flathead Lake,0.0
2023-01-23,East,Lake Mohave,0.0
2023-01-23,North,Lake Powell,1.2
2023-01-23,South,Lake Tahoe,0.0
2023-01-23,West,Lake Havasu,0.0
2023-01-24,Central,Flathead Lake,0.0
2023-01-24,East,Lake Mohave,0.0
2023-01-24,North,Lake Powell,0.0
2023-01-24,South,Lake Tahoe,0.0
2023-01-24,West,Lake Havasu,0.0
2023-01-25,Central,Flathead Lake,0.0
2023-01-25,East,Lake Mohave,0.0
2023-01-25,North,Lake Powell,0.0
2023-01-25,South,Lake Tahoe,0.0
2023-01-25,West,Lake Havasu,0.0
2023-01-26,Central,Flathead Lake,0.1
2023-01-26,East,Lake Mohave,0.0
2023-01-26,North,Lake Powell,0.0
2023-01-26,South,Lake Tahoe,0.0
2023-01-26,West,Lake Havasu,0.0
2023-01-27,Central,Flathead Lake,16.0
2023-01-27,East,Lake Mohave,0.0
2023-01-27,North,Lake Powell,0.0
2023-01-27,South,Lake Tahoe,0.0
2023-01-27,West,Lake Havasu,0.0
2023-01-28,Central,Flathead Lake,2.3
2023-01-28,East,Lake Mohave,0.0
2023-01-28,North,Lake Powell,0.0
2023-01-28,South,Lake Tahoe,0.0
2023-01-28,West,Lake Havasu,0.0
2023-01-29,Central,Flathead Lake,0.0
2023-01-29,East,Lake Mohave,0.0
2023-01-29,North,Lake Powell,0.0
2023-01-29,South,Lake Tahoe,4.3
2023-01-29,West,Lake Havasu,0.0
2023-01-30,Central,Flathead Lake,0.0
2023-01-30,East,Lake Mohave,0.0
2023-01-30,North,Lake Powell,0.0
2023-01-30,South,Lake Tahoe,0.0
2023-01-30,West,Lake Havasu,0.1
2023-01-31,Central,Flathead Lake,1.2
2023-01-31,East,Lake Mohave,0.0
2023-01-31,North,Lake Powell,0.0
2023-01-31,South,Lake Tahoe,0.0
2023-01-31,West,Lake Havasu,0.0
2023-02-01,Central,Flathead Lake,0.3
2023-02-01,East,Lake Mohave,0.0
2023-02-01,North,Lake Powell,0.0
2023-02-01,South,Lake Tahoe,0.0
2023-02-01,West,Lake Havasu,0.0
2023-02-02,Central,Flathead Lake,0.0
2023-02-02,East,Lake Mohave,0.0
2023-02-02,North,Lake Powell,0.0
2023-02-02,South,Lake Tahoe,0.0
2023-02-02,West,Lake Havasu,0.0
2023-02-03,Central,Flathead Lake,0.1
2023-02-03,East,Lake Mohave,0.0
2023-02-03,North,Lake Powell,0.0
2023-02-03,South,Lake Tahoe,1.1
2023-02-03,West,Lake Havasu,0.0
2023-02-04,Central,Flathead Lake,0.1
2023-02-04,East,Lake Mohave,0.0
2023-02-04,North,Lake Powell,0.0
2023-02-04,South,Lake Tahoe,11.9
2023-02-04,West,Lake Havasu,0.0
2023-02-05,Central,Flathead Lake,0.0
2023-02-05,East,Lake Mohave,0.0
2023-02-05,North,Lake Powell,0.2
2023-02-05,South,Lake Tahoe,19.4
2023-02-05,West,Lake Havasu,0.0
2023-02-06,Central,Flathead Lake,0.5
2023-02-06,East,Lake Mohave,0.0
2023-02-06,North,Lake Powell,0.0
2023-02-06,South,Lake Tahoe,0.0
2023-02-06,West,Lake Havasu,0.0
2023-02-07,Central,Flathead Lake,2.2
2023-02-07,East,Lake Mohave,0.0
2023-02-07,North,Lake Powell,0.0
2023-02-07,South,Lake Tahoe,0.0
2023-02-07,West,Lake Havasu,0.0
2023-02-08,Central,Flathead Lake,1.5
2023-02-08,East,Lake Mohave,0.0
2023-02-08,North,Lake Powell,0.0
2023-02-08,South,Lake Tahoe,0.0
2023-02-08,West,Lake Havasu,0.0
2023-02-09,Central,Flathead Lake,0.0
2023-02-09,East,Lake Mohave,0.0
2023-02-09,North,Lake Powell,0.0
2023-02-09,South,Lake Tahoe,0.0
2023-02-09,West,Lake Havasu,0.0
2023-02-10,Central,Flathead Lake,0.0
2023-02-10,East,Lake Mohave,0.0
2023-02-10,North,Lake Powell,0.0
2023-02-10,South,Lake Tahoe,0.1
2023-02-10,West,Lake Havasu,0.0
2023-02-11,Central,Flathead Lake,0.0
2023-02-11,East,Lake Mohave,0.0
2023-02-11,North,Lake Powell,0.0
2023-02-11,South,Lake Tahoe,4.0
2023-02-11,West,Lake Havasu,0.0
2023-02-12,Central,Flathead Lake,0.0
2023-02-12,East,Lake Mohave,0.0
2023-02-12,North,Lake Powell,0.0
2023-02-12,South,Lake Tahoe,0.0
2023-02-12,West,Lake Havasu,0.1
2023-02-13,Central,Flathead Lake,1.2
2023-02-13,East,Lake Mohave,0.0
2023-02-13,North,Lake Powell,0.3
2023-02-13,South,Lake Tahoe,0.0
2023-02-13,West,Lake Havasu,0.0
2023-02-14,Central,Flathead Lake,2.2
2023-02-14,East,Lake Mohave,1.2
2023-02-14,North,Lake Powell,6.6
2023-02-14,South,Lake Tahoe,2.1
2023-02-14,West,Lake Havasu,1.2
2023-02-15,Central,Flathead Lake,0.1
2023-02-15,East,Lake Mohave,0.0
2023-02-15,North,Lake Powell,1.9
2023-02-15,South,Lake Tahoe,0.0
2023-02-15,West,Lake Havasu,0.0
2023-02-16,Central,Flathead Lake,0.0
2023-02-16,East,Lake Mohave,0.0
2023-02-16,North,Lake Powell,0.0
2023-02-16,South,Lake Tahoe,0.0
2023-02-16,West,Lake Havasu,0.0
2023-02-17,Central,Flathead Lake,0.0
2023-02-17,East,Lake Mohave,0.0
2023-02-17,North,Lake Powell,0.0
2023-02-17,South,Lake Tahoe,0.0
2023-02-17,West,Lake Havasu,0.0
2023-02-18,Central,Flathead Lake,2.5
2023-02-18,East,Lake Mohave,0.0
2023-02-18,North,Lake Powell,0.0
2023-02-18,South,Lake Tahoe,0.0
2023-02-18,West,Lake Havasu,0.0
2023-02-19,Central,Flathead Lake,0.5
2023-02-19,East,Lake Mohave,0.0
2023-02-19,North,Lake Powell,0.0
2023-02-19,South,Lake Tahoe,0.0
2023-02-19,West,Lake Havasu,0.0
2023-02-20,Central,Flathead Lake,2.1
2023-02-20,East,Lake Mohave,0.0
2023-02-20,North,Lake Powell,0.0
2023-02-20,South,Lake Tahoe,0.0
2023-02-20,West,Lake Havasu,0.0
2023-02-21,Central,Flathead Lake,8.7
2023-02-21,East,Lake Mohave,0.0
2023-02-21,North,Lake Powell,0.0
2023-02-21,South,Lake Tahoe,6.3
2023-02-21,West,Lake Havasu,0.0
2023-02-22,Central,Flathead Lake,0.0
2023-02-22,East,Lake Mohave,3.6
2023-02-22,North,Lake Powell,11.2
2023-02-22,South,Lake Tahoe,7.3
2023-02-22,West,Lake Havasu,1.0
2023-02-23,Central,Flathead Lake,0.1
2023-02-23,East,Lake Mohave,6.8
2023-02-23,North,Lake Powell,2.4
2023-02-23,South,Lake Tahoe,15.0
2023-02-23,West,Lake Havasu,0.4
2023-02-24,Central,Flathead Lake,0.0
2023-02-24,East,Lake Mohave,0.1
2023-02-24,North,Lake Powell,2.3
2023-02-24,South,Lake Tahoe,25.0
2023-02-24,West,Lake Havasu,0.1
2023-02-25,Central,Flathead Lake,0.0
2023-02-25,East,Lake Mohave,8.9
2023-02-25,North,Lake Powell,0.0
2023-02-25,South,Lake Tahoe,9.9
2023-02-25,West,Lake Havasu,6.9
2023-02-26,Central,Flathead Lake,0.9
2023-02-26,East,Lake Mohave,3.1
2023-02-26,North,Lake Powell,1.2
2023-02-26,South,Lake Tahoe,18.0
2023-02-26,West,Lake Havasu,1.0
2023-02-27,Central,Flathead Lake,0.0
2023-02-27,East,Lake Mohave,0.0
2023-02-27,North,Lake Powell,0.0
2023-02-27,South,Lake Tahoe,39.7
2023-02-27,West,Lake Havasu,0.0
2023-02-28,Central,Flathead Lake,1.9
2023-02-28,East,Lake Mohave,0.0
2023-02-28,North,Lake Powell,1.2
2023-02-28,South,Lake Tahoe,58.4
2023-02-28,West,Lake Havasu,0.0
2023-03-01,Central,Flathead Lake,0.0
2023-03-01,East,Lake Mohave,15.4
2023-03-01,North,Lake Powell,7.8
2023-03-01,South,Lake Tahoe,2.4
2023-03-01,West,Lake Havasu,5.1
2023-03-02,Central,Flathead Lake,1.3
2023-03-02,East,Lake Mohave,0.9
2023-03-02,North,Lake Powell,1.2
2023-03-02,South,Lake Tahoe,0.0
2023-03-02,West,Lake Havasu,1.5
2023-03-03,Central,Flathead Lake,5.2
2023-03-03,East,Lake Mohave,0.0
2023-03-03,North,Lake Powell,0.0
2023-03-03,South,Lake Tahoe,0.0
2023-03-03,West,Lake Havasu,0.0
2023-03-04,Central,Flathead Lake,0.0
2023-03-04,East,Lake Mohave,0.0
2023-03-04,North,Lake Powell,0.0
2023-03-04,South,Lake Tahoe,17.7
2023-03-04,West,Lake Havasu,0.0
2023-03-05,Central,Flathead Lake,0.3
2023-03-05,East,Lake Mohave,0.0
2023-03-05,North,Lake Powell,0.0
2023-03-05,South,Lake Tahoe,25.6
2023-03-05,West,Lake Havasu,0.0
2023-03-06,Central,Flathead Lake,0.1
2023-03-06,East,Lake Mohave,0.0
2023-03-06,North,Lake Powell,0.0
2023-03-06,South,Lake Tahoe,4.7
2023-03-06,West,Lake Havasu,0.0
2023-03-07,Central,Flathead Lake,0.0
2023-03-07,East,Lake Mohave,0.0
2023-03-07,North,Lake Powell,0.0
2023-03-07,South,Lake Tahoe,6.5
2023-03-07,West,Lake Havasu,0.0
2023-03-08,Central,Flathead Lake,0.0
2023-03-08,East,Lake Mohave,0.0
2023-03-08,North,Lake Powell,0.0
2023-03-08,South,Lake Tahoe,13.1
2023-03-08,West,Lake Havasu,0.0
2023-03-09,Central,Flathead Lake,0.1
2023-03-09,East,Lake Mohave,0.0
2023-03-09,North,Lake Powell,0.0
2023-03-09,South,Lake Tahoe,30.3
2023-03-09,West,Lake Havasu,0.0
2023-03-10,Central,Flathead Lake,5.3
2023-03-10,East,Lake Mohave,2.8
2023-03-10,North,Lake Powell,3.2
2023-03-10,South,Lake Tahoe,40.4
2023-03-10,West,Lake Havasu,0.1
2023-03-11,Central,Flathead Lake,3.2
2023-03-11,East,Lake Mohave,0.0
2023-03-11,North,Lake Powell,8.5
2023-03-11,South,Lake Tahoe,17.9
2023-03-11,West,Lake Havasu,0.0
2023-03-12,Central,Flathead Lake,0.0
2023-03-12,East,Lake Mohave,0.0
2023-03-12,North,Lake Powell,0.1
2023-03-12,South,Lake Tahoe,15.4
2023-03-12,West,Lake Havasu,0.0
2023-03-13,Central,Flathead Lake,0.1
2023-03-13,East,Lake Mohave,0.0
2023-03-13,North,Lake Powell,1.9
2023-03-13,South,Lake Tahoe,8.6
2023-03-13,West,Lake Havasu,0.0
2023-03-14,Central,Flathead Lake,4.2
2023-03-14,East,Lake Mohave,0.7
2023-03-14,North,Lake Powell,0.0
2023-03-14,South,Lake Tahoe,50.1
2023-03-14,West,Lake Havasu,1.6
2023-03-15,Central,Flathead Lake,5.1
2023-03-15,East,Lake Mohave,21.9
2023-03-15,North,Lake Powell,10.2
2023-03-15,South,Lake Tahoe,0.5
2023-03-15,West,Lake Havasu,7.0
2023-03-16,Central,Flathead Lake,0.0
2023-03-16,East,Lake Mohave,0.0
2023-03-16,North,Lake Powell,1.6
2023-03-16,South,Lake Tahoe,0.0
2023-03-16,West,Lake Havasu,0.1
2023-03-17,Central,Flathead Lake,0.0
2023-03-17,East,Lake Mohave,0.0
2023-03-17,North,Lake Powell,0.0
2023-03-17,South,Lake Tahoe,0.0
2023-03-17,West,Lake Havasu,0.0
2023-03-18,Central,Flathead Lake,0.0
2023-03-18,East,Lake Mohave,0.0
2023-03-18,North,Lake Powell,0.0
2023-03-18,South,Lake Tahoe,0.0
2023-03-18,West,Lake Havasu,0.0
2023-03-19,Central,Flathead Lake,0.0
2023-03-19,East,Lake Mohave,0.4
2023-03-19,North,Lake Powell,1.6
2023-03-19,South,Lake Tahoe,12.5
2023-03-19,West,Lake Havasu,0.0
2023-03-20,Central,Flathead Lake,0.0
2023-03-20,East,Lake Mohave,0.0
2023-03-20,North,Lake Powell,4.0
2023-03-20,South,Lake Tahoe,2.7
2023-03-20,West,Lake Havasu,0.0
2023-03-21,Central,Flathead Lake,0.0
2023-03-21,East,Lake Mohave,5.8
2023-03-21,North,Lake Powell,8.0
2023-03-21,South,Lake Tahoe,4.4
2023-03-21,West,Lake Havasu,5.4
2023-03-22,Central,Flathead Lake,0.0
2023-03-22,East,Lake Mohave,5.4
2023-03-22,North,Lake Powell,4.5
2023-03-22,South,Lake Tahoe,1.3
2023-03-22,West,Lake Havasu,0.2
2023-03-23,Central,Flathead Lake,0.4
2023-03-23,East,Lake Mohave,0.0
2023-03-23,North,Lake Powell,0.2
2023-03-23,South,Lake Tahoe,4.3
2023-03-23,West,Lake Havasu,0.0
2023-03-24,Central,Flathead Lake,2.3
2023-03-24,East,Lake Mohave,0.0
2023-03-24,North,Lake Powell,0.4
2023-03-24,South,Lake Tahoe,2.2
2023-03-24,West,Lake Havasu,0.0
2023-03-25,Central,Flathead Lake,0.5
2023-03-25,East,Lake Mohave,0.0
2023-03-25,North,Lake Powell,0.0
2023-03-25,South,Lake Tahoe,0.2
2023-03-25,West,Lake Havasu,0.0
2023-03-26,Central,Flathead Lake,0.0
2023-03-26,East,Lake Mohave,0.0
2023-03-26,North,Lake Powell,0.8
2023-03-26,South,Lake Tahoe,0.4
2023-03-26,West,Lake Havasu,0.0
2023-03-27,Central,Flathead Lake,0.0
2023-03-27,East,Lake Mohave,0.0
2023-03-27,North,Lake Powell,0.0
2023-03-27,South,Lake Tahoe,0.0
2023-03-27,West,Lake Havasu,0.0
2023-03-28,Central,Flathead Lake,0.0
2023-03-28,East,Lake Mohave,0.0
2023-03-28,North,Lake Powell,0.0
2023-03-28,South,Lake Tahoe,41.8
2023-03-28,West,Lake Havasu,0.0
2023-03-29,Central,Flathead Lake,0.1
2023-03-29,East,Lake Mohave,5.3
2023-03-29,North,Lake Powell,0.0
2023-03-29,South,Lake Tahoe,3.7
2023-03-29,West,Lake Havasu,0.0
2023-03-30,Central,Flathead Lake,1.5
2023-03-30,East,Lake Mohave,0.3
2023-03-30,North,Lake Powell,13.2
2023-03-30,South,Lake Tahoe,1.0
2023-03-30,West,Lake Havasu,0.0
2023-03-31,Central,Flathead Lake,0.5
2023-03-31,East,Lake Mohave,0.0
2023-03-31,North,Lake Powell,0.0
2023-03-31,South,Lake Tahoe,0.0
2023-03-31,West,Lake Havasu,0.0
2023-04-01,Central,Flathead Lake,2.2
2023-04-01,East,Lake Mohave,0.0
2023-04-01,North,Lake Powell,0.0
2023-04-01,South,Lake Tahoe,0.0
2023-04-01,West,Lake Havasu,0.0
2023-04-02,Central,Flathead Lake,0.5
2023-04-02,East,Lake Mohave,0.0
2023-04-02,North,Lake Powell,0.0
2023-04-02,South,Lake Tahoe,3.2
2023-04-02,West,Lake Havasu,0.0
2023-04-03,Central,Flathead Lake,0.0
2023-04-03,East,Lake Mohave,0.0
2023-04-03,North,Lake Powell,3.3
2023-04-03,South,Lake Tahoe,3.1
2023-04-03,West,Lake Havasu,0.0
2023-04-04,Central,Flathead Lake,0.0
2023-04-04,East,Lake Mohave,0.0
2023-04-04,North,Lake Powell,0.1
2023-04-04,South,Lake Tahoe,0.0
2023-04-04,West,Lake Havasu,0.0
2023-04-05,Central,Flathead Lake,0.2
2023-04-05,East,Lake Mohave,0.0
2023-04-05,North,Lake Powell,0.0
2023-04-05,South,Lake Tahoe,0.0
2023-04-05,West,Lake Havasu,0.0
2023-04-06,Central,Flathead Lake,0.0
2023-04-06,East,Lake Mohave,0.0
2023-04-06,North,Lake Powell,0.0
2023-04-06,South,Lake Tahoe,0.0
2023-04-06,West,Lake Havasu,0.0
2023-04-07,Central,Flathead Lake,1.0
2023-04-07,East,Lake Mohave,0.0
2023-04-07,North,Lake Powell,0.0
2023-04-07,South,Lake Tahoe,10.6
2023-04-07,West,Lake Havasu,0.0
2023-04-08,Central,Flathead Lake,0.3
2023-04-08,East,Lake Mohave,0.0
2023-04-08,North,Lake Powell,0.0
2023-04-08,South,Lake Tahoe,0.0
2023-04-08,West,Lake Havasu,0.0
2023-04-09,Central,Flathead Lake,0.0
2023-04-09,East,Lake Mohave,0.0
2023-04-09,North,Lake Powell,0.0
2023-04-09,South,Lake Tahoe,0.0
2023-04-09,West,Lake Havasu,0.0
2023-04-10,Central,Flathead Lake,0.0
2023-04-10,East,Lake Mohave,0.0
2023-04-10,North,Lake Powell,0.0
2023-04-10,South,Lake Tahoe,0.0
2023-04-10,West,Lake Havasu,0.0
2023-04-11,Central,Flathead Lake,6.5
2023-04-11,East,Lake Mohave,0.0
2023-04-11,North,Lake Powell,0.0
2023-04-11,South,Lake Tahoe,0.0
2023-04-11,West,Lake Havasu,0.0
2023-04-12,Central,Flathead Lake,0.0
2023-04-12,East,Lake Mohave,0.0
2023-04-12,North,Lake Powell,0.0
2023-04-12,South,Lake Tahoe,0.0
2023-04-12,West,Lake Havasu,0.0
2023-04-13,Central,Flathead Lake,0.3
2023-04-13,East,Lake Mohave,0.0
2023-04-13,North,Lake Powell,0.0
2023-04-13,South,Lake Tahoe,0.0
2023-04-13,West,Lake Havasu,0.0
2023-04-14,Central,Flathead Lake,0.2
2023-04-14,East,Lake Mohave,0.0
2023-04-14,North,Lake Powell,3.2
2023-04-14,South,Lake Tahoe,0.0
2023-04-14,West,Lake Havasu,0.0
2023-04-15,Central,Flathead Lake,0.0
2023-04-15,East,Lake Mohave,0.0
2023-04-15,North,Lake Powell,0.0
2023-04-15,South,Lake Tahoe,0.0
2023-04-15,West,Lake Havasu,0.0
2023-04-16,Central,Flathead Lake,1.6
2023-04-16,East,Lake Mohave,0.0
2023-04-16,North,Lake Powell,0.0
2023-04-16,South,Lake Tahoe,0.0
2023-04-16,West,Lake Havasu,0.0
2023-04-17,Central,Flathead Lake,0.5
2023-04-17,East,Lake Mohave,0.0
2023-04-17,North,Lake Powell,0.0
2023-04-17,South,Lake Tahoe,0.4
2023-04-17,West,Lake Havasu,0.0
2023-04-18,Central,Flathead Lake,4.0
2023-04-18,East,Lake Mohave,0.0
2023-04-18,North,Lake Powell,0.0
2023-04-18,South,Lake Tahoe,13.5
2023-04-18,West,Lake Havasu,0.0
2023-04-19,Central,Flathead Lake,0.0
2023-04-19,East,Lake Mohave,0.0
2023-04-19,North,Lake Powell,0.0
2023-04-19,South,Lake Tahoe,0.0
2023-04-19,West,Lake Havasu,0.0
2023-04-20,Central,Flathead Lake,0.4
2023-04-20,East,Lake Mohave,0.0
2023-04-20,North,Lake Powell,0.0
2023-04-20,South,Lake Tahoe,0.0
2023-04-20,West,Lake Havasu,0.0
2023-04-21,Central,Flathead Lake,2.8
2023-04-21,East,Lake Mohave,0.0
2023-04-21,North,Lake Powell,0.0
2023-04-21,South,Lake Tahoe,0.0
2023-04-21,West,Lake Havasu,0.0
2023-04-22,Central,Flathead Lake,0.1
2023-04-22,East,Lake Mohave,0.0
2023-04-22,North,Lake Powell,0.0
2023-04-22,South,Lake Tahoe,0.0
2023-04-22,West,Lake Havasu,0.0
2023-04-23,Central,Flathead Lake,0.0
2023-04-23,East,Lake Mohave,0.0
2023-04-23,North,Lake Powell,0.1
2023-04-23,South,Lake Tahoe,0.0
2023-04-23,West,Lake Havasu,0.0
2023-04-24,Central,Flathead Lake,1.5
2023-04-24,East,Lake Mohave,0.0
2023-04-24,North,Lake Powell,0.4
2023-04-24,South,Lake Tahoe,0.0
2023-04-24,West,Lake Havasu,0.0
2023-04-25,Central,Flathead Lake,0.0
2023-04-25,East,Lake Mohave,0.0
2023-04-25,North,Lake Powell,0.0
2023-04-25,South,Lake Tahoe,0.0
2023-04-25,West,Lake Havasu,0.0
2023-04-26,Central,Flathead Lake,0.0
2023-04-26,East,Lake Mohave,0.0
2023-04-26,North,Lake Powell,0.0
2023-04-26,South,Lake Tahoe,0.0
2023-04-26,West,Lake Havasu,0.0
2023-04-27,Central,Flathead Lake,0.0
2023-04-27,East,Lake Mohave,0.0
2023-04-27,North,Lake Powell,0.0
2023-04-27,South,Lake Tahoe,0.0
2023-04-27,West,Lake Havasu,0.0
2023-04-28,Central,Flathead Lake,0.0
2023-04-28,East,Lake Mohave,0.0
2023-04-28,North,Lake Powell,0.0
2023-04-28,South,Lake Tahoe,0.0
2023-04-28,West,Lake Havasu,0.0
2023-04-29,Central,Flathead Lake,0.0
2023-04-29,East,Lake Mohave,0.0
2023-04-29,North,Lake Powell,0.0
2023-04-29,South,Lake Tahoe,0.0
2023-04-29,West,Lake Havasu,0.0
2023-04-30,Central,Flathead Lake,0.0
2023-04-30,East,Lake Mohave,0.0
2023-04-30,North,Lake Powell,0.0
2023-04-30,South,Lake Tahoe,0.0
2023-04-30,West,Lake Havasu,0.0
2023-05-01,Central,Flathead Lake,0.0
2023-05-01,East,Lake Mohave,0.0
2023-05-01,North,Lake Powell,0.0
2023-05-01,South,Lake Tahoe,0.4
2023-05-01,West,Lake Havasu,0.0
2023-05-02,Central,Flathead Lake,0.0
2023-05-02,East,Lake Mohave,0.0
2023-05-02,North,Lake Powell,0.0
2023-05-02,South,Lake Tahoe,10.8
2023-05-02,West,Lake Havasu,0.0
2023-05-03,Central,Flathead Lake,0.1
2023-05-03,East,Lake Mohave,0.0
2023-05-03,North,Lake Powell,0.0
2023-05-03,South,Lake Tahoe,3.3
2023-05-03,West,Lake Havasu,0.0
2023-05-04,Central,Flathead Lake,0.5
2023-05-04,East,Lake Mohave,0.2
2023-05-04,North,Lake Powell,0.3
2023-05-04,South,Lake Tahoe,1.7
2023-05-04,West,Lake Havasu,0.0
2023-05-05,Central,Flathead Lake,1.9
2023-05-05,East,Lake Mohave,0.0
2023-05-05,North,Lake Powell,0.0
2023-05-05,South,Lake Tahoe,3.3
2023-05-05,West,Lake Havasu,0.0
2023-05-06,Central,Flathead Lake,29.2
2023-05-06,East,Lake Mohave,0.0
2023-05-06,North,Lake Powell,0.0
2023-05-06,South,Lake Tahoe,5.3
2023-05-06,West,Lake Havasu,0.0
2023-05-07,Central,Flathead Lake,4.6
2023-05-07,East,Lake Mohave,0.0
2023-05-07,North,Lake Powell,0.0
2023-05-07,South,Lake Tahoe,0.0
2023-05-07,West,Lake Havasu,0.0
2023-05-08,Central,Flathead Lake,0.3
2023-05-08,East,Lake Mohave,0.0
2023-05-08,North,Lake Powell,0.0
2023-05-08,South,Lake Tahoe,0.4
2023-05-08,West,Lake Havasu,0.0
2023-05-09,Central,Flathead Lake,1.6
2023-05-09,East,Lake Mohave,0.0
2023-05-09,North,Lake Powell,0.0
2023-05-09,South,Lake Tahoe,0.0
2023-05-09,West,Lake Havasu,0.0
2023-05-10,Central,Flathead Lake,0.2
2023-05-10,East,Lake Mohave,0.0
2023-05-10,North,Lake Powell,0.0
2023-05-10,South,Lake Tahoe,0.0
2023-05-10,West,Lake Havasu,0.0
2023-05-11,Central,Flathead Lake,0.0
2023-05-11,East,Lake Mohave,0.0
2023-05-11,North,Lake Powell,0.0
2023-05-11,South,Lake Tahoe,0.0
2023-05-11,West,Lake Havasu,0.0
2023-05-12,Central,Flathead Lake,0.0
2023-05-12,East,Lake Mohave,0.0
2023-05-12,North,Lake Powell,0.0
2023-05-12,South,Lake Tahoe,0.0
2023-05-12,West,Lake Havasu,0.0
2023-05-13,Central,Flathead Lake,0.0
2023-05-13,East,Lake Mohave,0.0
2023-05-13,North,Lake Powell,0.1
2023-05-13,South,Lake Tahoe,0.0
2023-05-13,West,Lake Havasu,0.0
2023-05-14,Central,Flathead Lake,0.0
2023-05-14,East,Lake Mohave,0.0
2023-05-14,North,Lake Powell,0.1
2023-05-14,South,Lake Tahoe,2.3
2023-05-14,West,Lake Havasu,0.0
2023-05-15,Central,Flathead Lake,0.0
2023-05-15,East,Lake Mohave,0.0
2023-05-15,North,Lake Powell,0.0
2023-05-15,South,Lake Tahoe,0.0
2023-05-15,West,Lake Havasu,0.0
2023-05-16,Central,Flathead Lake,0.1
2023-05-16,East,Lake Mohave,0.0
2023-05-16,North,Lake Powell,0.0
2023-05-16,South,Lake Tahoe,0.0
2023-05-16,West,Lake Havasu,0.0
2023-05-17,Central,Flathead Lake,1.2
2023-05-17,East,Lake Mohave,0.0
2023-05-17,North,Lake Powell,0.0
2023-05-17,South,Lake Tahoe,0.0
2023-05-17,West,Lake Havasu,0.0
2023-05-18,Central,Flathead Lake,0.0
2023-05-18,East,Lake Mohave,0.0
2023-05-18,North,Lake Powell,0.0
2023-05-18,South,Lake Tahoe,0.0
2023-05-18,West,Lake Havasu,0.0
2023-05-19,Central,Flathead Lake,0.0
2023-05-19,East,Lake Mohave,0.0
2023-05-19,North,Lake Powell,0.0
2023-05-19,South,Lake Tahoe,0.0
2023-05-19,West,Lake Havasu,0.6
2023-05-20,Central,Flathead Lake,0.0
2023-05-20,East,Lake Mohave,0.0
2023-05-20,North,Lake Powell,0.0
2023-05-20,South,Lake Tahoe,0.0
2023-05-20,West,Lake Havasu,0.0
2023-05-21,Central,Flathead Lake,0.1
2023-05-21,East,Lake Mohave,0.0
2023-05-21,North,Lake Powell,0.0
2023-05-21,South,Lake Tahoe,0.3
2023-05-21,West,Lake Havasu,0.0
2023-05-22,Central,Flathead Lake,5.3
2023-05-22,East,Lake Mohave,0.0
2023-05-22,North,Lake Powell,0.0
2023-05-22,South,Lake Tahoe,0.0
2023-05-22,West,Lake Havasu,0.0
2023-05-23,Central,Flathead Lake,0.0
2023-05-23,East,Lake Mohave,0.0
2023-05-23,North,Lake Powell,0.0
2023-05-23,South,Lake Tahoe,0.0
2023-05-23,West,Lake Havasu,0.0
2023-05-24,Central,Flathead Lake,0.0
2023-05-24,East,Lake Mohave,0.0
2023-05-24,North,Lake Powell,0.0
2023-05-24,South,Lake Tahoe,5.6
2023-05-24,West,Lake Havasu,0.0
2023-05-25,Central,Flathead Lake,1.0
2023-05-25,East,Lake Mohave,0.0
2023-05-25,North,Lake Powell,0.0
2023-05-25,South,Lake Tahoe,0.0
2023-05-25,West,Lake Havasu,0.0
2023-05-26,Central,Flathead Lake,2.7
2023-05-26,East,Lake Mohave,0.0
2023-05-26,North,Lake Powell,0.0
2023-05-26,South,Lake Tahoe,0.4
2023-05-26,West,Lake Havasu,0.0
2023-05-27,Central,Flathead Lake,9.6
2023-05-27,East,Lake Mohave,0.0
2023-05-27,North,Lake Powell,0.0
2023-05-27,South,Lake Tahoe,0.1
2023-05-27,West,Lake Havasu,0.0
2023-05-28,Central,Flathead Lake,6.4
2023-05-28,East,Lake Mohave,0.0
2023-05-28,North,Lake Powell,0.0
2023-05-28,South,Lake Tahoe,0.2
2023-05-28,West,Lake Havasu,0.0
2023-05-29,Central,Flathead Lake,0.0
2023-05-29,East,Lake Mohave,0.0
2023-05-29,North,Lake Powell,0.0
2023-05-29,South,Lake Tahoe,1.5
2023-05-29,West,Lake Havasu,0.0
2023-05-30,Central,Flathead Lake,0.0
2023-05-30,East,Lake Mohave,0.0
2023-05-30,North,Lake Powell,0.0
2023-05-30,South,Lake Tahoe,0.5
2023-05-30,West,Lake Havasu,0.0
2023-05-31,Central,Flathead Lake,0.3
2023-05-31,East,Lake Mohave,0.0
2023-05-31,North,Lake Powell,0.0
2023-05-31,South,Lake Tahoe,2.3
2023-05-31,West,Lake Havasu,0.0
2023-06-01,Central,Flathead Lake,0.0
2023-06-01,East,Lake Mohave,0.0
2023-06-01,North,Lake Powell,0.1
2023-06-01,South,Lake Tahoe,0.0
2023-06-01,West,Lake Havasu,0.0
2023-06-02,Central,Flathead Lake,0.2
2023-06-02,East,Lake Mohave,0.0
2023-06-02,North,Lake Powell,0.5
2023-06-02,South,Lake Tahoe,0.0
2023-06-02,West,Lake Havasu,0.0
2023-06-03,Central,Flathead Lake,0.0
2023-06-03,East,Lake Mohave,0.0
2023-06-03,North,Lake Powell,0.0
2023-06-03,South,Lake Tahoe,0.1
2023-06-03,West,Lake Havasu,0.0
2023-06-04,Central,Flathead Lake,0.0
2023-06-04,East,Lake Mohave,0.0
2023-06-04,North,Lake Powell,0.0
2023-06-04,South,Lake Tahoe,0.0
2023-06-04,West,Lake Havasu,0.0
2023-06-05,Central,Flathead Lake,0.0
2023-06-05,East,Lake Mohave,0.0
2023-06-05,North,Lake Powell,0.0
2023-06-05,South,Lake Tahoe,1.1
2023-06-05,West,Lake Havasu,0.0
2023-06-06,Central,Flathead Lake,0.0
2023-06-06,East,Lake Mohave,0.0
2023-06-06,North,Lake Powell,0.0
2023-06-06,South,Lake Tahoe,1.2
2023-06-06,West,Lake Havasu,0.0
2023-06-07,Central,Flathead Lake,0.0
2023-06-07,East,Lake Mohave,0.0
2023-06-07,North,Lake Powell,0.0
2023-06-07,South,Lake Tahoe,0.4
2023-06-07,West,Lake Havasu,0.0
2023-06-08,Central,Flathead Lake,3.1
2023-06-08,East,Lake Mohave,0.0
2023-06-08,North,Lake Powell,0.0
2023-06-08,South,Lake Tahoe,0.6
2023-06-08,West,Lake Havasu,0.0
2023-06-09,Central,Flathead Lake,7.9
2023-06-09,East,Lake Mohave,0.0
2023-06-09,North,Lake Powell,0.0
2023-06-09,South,Lake Tahoe,0.2
2023-06-09,West,Lake Havasu,0.0
2023-06-10,Central,Flathead Lake,0.4
2023-06-10,East,Lake Mohave,0.0
2023-06-10,North,Lake Powell,0.0
2023-06-10,South,Lake Tahoe,3.0
2023-06-10,West,Lake Havasu,0.0
2023-06-11,Central,Flathead Lake,0.9
2023-06-11,East,Lake Mohave,0.9
2023-06-11,North,Lake Powell,0.0
2023-06-11,South,Lake Tahoe,3.2
2023-06-11,West,Lake Havasu,0.0
2023-06-12,Central,Flathead Lake,0.1
2023-06-12,East,Lake Mohave,0.0
2023-06-12,North,Lake Powell,0.7
2023-06-12,South,Lake Tahoe,9.5
2023-06-12,West,Lake Havasu,0.0
2023-06-13,Central,Flathead Lake,13.4
2023-06-13,East,Lake Mohave,0.0
2023-06-13,North,Lake Powell,0.0
2023-06-13,South,Lake Tahoe,5.3
2023-06-13,West,Lake Havasu,0.0
2023-06-14,Central,Flathead Lake,8.7
2023-06-14,East,Lake Mohave,0.0
2023-06-14,North,Lake Powell,0.0
2023-06-14,South,Lake Tahoe,0.0
2023-06-14,West,Lake Havasu,0.0
2023-06-15,Central,Flathead Lake,0.1
2023-06-15,East,Lake Mohave,0.0
2023-06-15,North,Lake Powell,1.6
2023-06-15,South,Lake Tahoe,0.0
2023-06-15,West,Lake Havasu,0.0
2023-06-16,Central,Flathead Lake,0.0
2023-06-16,East,Lake Mohave,0.0
2023-06-16,North,Lake Powell,5.7
2023-06-16,South,Lake Tahoe,0.0
2023-06-16,West,Lake Havasu,0.0
2023-06-17,Central,Flathead Lake,10.2
2023-06-17,East,Lake Mohave,0.0
2023-06-17,North,Lake Powell,0.0
2023-06-17,South,Lake Tahoe,0.0
2023-06-17,West,Lake Havasu,0.0
2023-06-18,Central,Flathead Lake,3.1
2023-06-18,East,Lake Mohave,0.0
2023-06-18,North,Lake Powell,0.0
2023-06-18,South,Lake Tahoe,0.0
2023-06-18,West,Lake Havasu,0.0
2023-06-19,Central,Flathead Lake,0.0
2023-06-19,East,Lake Mohave,0.0
2023-06-19,North,Lake Powell,0.0
2023-06-19,South,Lake Tahoe,0.0
2023-06-19,West,Lake Havasu,0.0
2023-06-20,Central,Flathead Lake,0.5
2023-06-20,East,Lake Mohave,0.0
2023-06-20,North,Lake Powell,0.0
2023-06-20,South,Lake Tahoe,0.0
2023-06-20,West,Lake Havasu,0.0
2023-06-21,Central,Flathead Lake,0.1
2023-06-21,East,Lake Mohave,0.0
2023-06-21,North,Lake Powell,0.0
2023-06-21,South,Lake Tahoe,0.0
2023-06-21,West,Lake Havasu,0.0
2023-06-22,Central,Flathead Lake,0.0
2023-06-22,East,Lake Mohave,0.0
2023-06-22,North,Lake Powell,0.0
2023-06-22,South,Lake Tahoe,2.4
2023-06-22,West,Lake Havasu,0.0
2023-06-23,Central,Flathead Lake,0.0
2023-06-23,East,Lake Mohave,0.0
2023-06-23,North,Lake Powell,0.0
2023-06-23,South,Lake Tahoe,1.1
2023-06-23,West,Lake Havasu,0.0
2023-06-24,Central,Flathead Lake,0.0
2023-06-24,East,Lake Mohave,0.0
2023-06-24,North,Lake Powell,0.0
2023-06-24,South,Lake Tahoe,0.0
2023-06-24,West,Lake Havasu,0.0
2023-06-25,Central,Flathead Lake,0.8
2023-06-25,East,Lake Mohave,0.0
2023-06-25,North,Lake Powell,0.0
2023-06-25,South,Lake Tahoe,0.0
2023-06-25,West,Lake Havasu,0.0
2023-06-26,Central,Flathead Lake,0.0
2023-06-26,East,Lake Mohave,0.0
2023-06-26,North,Lake Powell,0.0
2023-06-26,South,Lake Tahoe,0.3
2023-06-26,West,Lake Havasu,0.0
2023-06-27,Central,Flathead Lake,0.0
2023-06-27,East,Lake Mohave,0.0
2023-06-27,North,Lake Powell,0.0
2023-06-27,South,Lake Tahoe,0.6
2023-06-27,West,Lake Havasu,0.0
2023-06-28,Central,Flathead Lake,0.0
2023-06-28,East,Lake Mohave,0.0
2023-06-28,North,Lake Powell,0.0
2023-06-28,South,Lake Tahoe,0.0
2023-06-28,West,Lake Havasu,0.0
2023-06-29,Central,Flathead Lake,0.0
2023-06-29,East,Lake Mohave,0.0
2023-06-29,North,Lake Powell,0.0
2023-06-29,South,Lake Tahoe,0.0
2023-06-29,West,Lake Havasu,0.0
