date,region,reservoir_name,reservoir_pct_full
2023-01-01,Central,Flathead Lake,22.2
2023-01-01,East,Lake Mohave,0.0
2023-01-01,North,Lake Powell,7.7
2023-01-01,South,Lake Tahoe,0.0
2023-01-01,West,Lake Havasu,38.2
2023-01-02,Central,Flathead Lake,19.6
2023-01-02,East,Lake Mohave,7.7
2023-01-02,North,Lake Powell,7.4
2023-01-02,South,Lake Tahoe,0.5
2023-01-02,West,Lake Havasu,37.3
2023-01-03,Central,Flathead Lake,19.4
2023-01-03,East,Lake Mohave,12.8
2023-01-03,North,Lake Powell,7.6
2023-01-03,South,Lake Tahoe,0.5
2023-01-03,West,Lake Havasu,42.9
2023-01-04,Central,Flathead Lake,19.4
2023-01-04,East,Lake Mohave,19.7
2023-01-04,North,Lake Powell,7.6
2023-01-04,South,Lake Tahoe,0.7
2023-01-04,West,Lake Havasu,49.7
2023-01-05,Central,Flathead Lake,19.4
2023-01-05,East,Lake Mohave,23.1
2023-01-05,North,Lake Powell,7.7
2023-01-05,South,Lake Tahoe,3.2
2023-01-05,West,Lake Havasu,57.3
2023-01-06,Central,Flathead Lake,19.5
2023-01-06,East,Lake Mohave,28.2
2023-01-06,North,Lake Powell,7.6
2023-01-06,South,Lake Tahoe,3.2
2023-01-06,West,Lake Havasu,53.5
2023-01-07,Central,Flathead Lake,19.5
2023-01-07,East,Lake Mohave,30.8
2023-01-07,North,Lake Powell,7.6
2023-01-07,South,Lake Tahoe,2.9
2023-01-07,West,Lake Havasu,49.7
2023-01-08,Central,Flathead Lake,19.4
2023-01-08,East,Lake Mohave,36.8
2023-01-08,North,Lake Powell,7.6
2023-01-08,South,Lake Tahoe,3.6
2023-01-08,West,Lake Havasu,47.4
2023-01-09,Central,Flathead Lake,19.4
2023-01-09,East,Lake Mohave,41.9
2023-01-09,North,Lake Powell,7.4
2023-01-09,South,Lake Tahoe,6.6
2023-01-09,West,Lake Havasu,48.8
2023-01-10,Central,Flathead Lake,19.3
2023-01-10,East,Lake Mohave,42.7
2023-01-10,North,Lake Powell,7.3
2023-01-10,South,Lake Tahoe,9.1
2023-01-10,West,Lake Havasu,50.1
2023-01-11,Central,Flathead Lake,19.4
2023-01-11,East,Lake Mohave,46.2
2023-01-11,North,Lake Powell,7.1
2023-01-11,South,Lake Tahoe,10.0
2023-01-11,West,Lake Havasu,57.3
2023-01-12,Central,Flathead Lake,19.4
2023-01-12,East,Lake Mohave,47.0
2023-01-12,North,Lake Powell,7.3
2023-01-12,South,Lake Tahoe,10.0
2023-01-12,West,Lake Havasu,67.2
2023-01-13,Central,Flathead Lake,19.6
2023-01-13,East,Lake Mohave,46.2
2023-01-13,North,Lake Powell,7.1
2023-01-13,South,Lake Tahoe,11.3
2023-01-13,West,Lake Havasu,64.5
2023-01-14,Central,Flathead Lake,19.5
2023-01-14,East,Lake Mohave,46.2
2023-01-14,North,Lake Powell,7.1
2023-01-14,South,Lake Tahoe,14.1
2023-01-14,West,Lake Havasu,64.5
2023-01-15,Central,Flathead Lake,19.6
2023-01-15,East,Lake Mohave,47.0
2023-01-15,North,Lake Powell,6.8
2023-01-15,South,Lake Tahoe,14.3
2023-01-15,West,Lake Havasu,67.2
2023-01-16,Central,Flathead Lake,19.6
2023-01-16,East,Lake Mohave,39.3
2023-01-16,North,Lake Powell,6.8
2023-01-16,South,Lake Tahoe,15.2
2023-01-16,West,Lake Havasu,76.9
2023-01-17,Central,Flathead Lake,19.4
2023-01-17,East,Lake Mohave,42.7
2023-01-17,North,Lake Powell,6.9
2023-01-17,South,Lake Tahoe,15.0
2023-01-17,West,Lake Havasu,89.7
2023-01-18,Central,Flathead Lake,19.6
2023-01-18,East,Lake Mohave,47.9
2023-01-18,North,Lake Powell,6.8
2023-01-18,South,Lake Tahoe,15.2
2023-01-18,West,Lake Havasu,91.9
2023-01-19,Central,Flathead Lake,19.5
2023-01-19,East,Lake Mohave,51.3
2023-01-19,North,Lake Powell,6.8
2023-01-19,South,Lake Tahoe,15.6
2023-01-19,West,Lake Havasu,95.1
2023-01-20,Central,Flathead Lake,19.5
2023-01-20,East,Lake Mohave,54.7
2023-01-20,North,Lake Powell,6.6
2023-01-20,South,Lake Tahoe,15.2
2023-01-20,West,Lake Havasu,91.9
2023-01-21,Central,Flathead Lake,19.4
2023-01-21,East,Lake Mohave,53.8
2023-01-21,North,Lake Powell,6.8
2023-01-21,South,Lake Tahoe,15.2
2023-01-21,West,Lake Havasu,91.0
2023-01-22,Central,Flathead Lake,19.5
2023-01-22,East,Lake Mohave,59.8
2023-01-22,North,Lake Powell,6.8
2023-01-22,South,Lake Tahoe,15.9
2023-01-22,West,Lake Havasu,88.5
2023-01-23,Central,Flathead Lake,20.3
2023-01-23,East,Lake Mohave,58.1
2023-01-23,North,Lake Powell,6.6
2023-01-23,South,Lake Tahoe,14.7
2023-01-23,West,Lake Havasu,78.7
2023-01-24,Central,Flathead Lake,20.7
2023-01-24,East,Lake Mohave,59.0
2023-01-24,North,Lake Powell,6.5
2023-01-24,South,Lake Tahoe,14.5
2023-01-24,West,Lake Havasu,68.3
2023-01-25,Central,Flathead Lake,20.6
2023-01-25,East,Lake Mohave,56.4
2023-01-25,North,Lake Powell,6.3
2023-01-25,South,Lake Tahoe,14.5
2023-01-25,West,Lake Havasu,58.2
2023-01-26,Central,Flathead Lake,20.5
2023-01-26,East,Lake Mohave,52.1
2023-01-26,North,Lake Powell,6.3
2023-01-26,South,Lake Tahoe,14.7
2023-01-26,West,Lake Havasu,56.4
2023-01-27,Central,Flathead Lake,20.2
2023-01-27,East,Lake Mohave,47.9
2023-01-27,North,Lake Powell,6.2
2023-01-27,South,Lake Tahoe,14.5
2023-01-27,West,Lake Havasu,52.6
2023-01-28,Central,Flathead Lake,19.4
2023-01-28,East,Lake Mohave,43.6
2023-01-28,North,Lake Powell,6.0
2023-01-28,South,Lake Tahoe,14.5
2023-01-28,West,Lake Havasu,52.1
2023-01-29,Central,Flathead Lake,23.3
2023-01-29,East,Lake Mohave,42.7
2023-01-29,North,Lake Powell,6.0
2023-01-29,South,Lake Tahoe,14.7
2023-01-29,West,Lake Havasu,42.9
2023-01-30,Central,Flathead Lake,24.2
2023-01-30,East,Lake Mohave,41.9
2023-01-30,North,Lake Powell,5.8
2023-01-30,South,Lake Tahoe,14.3
2023-01-30,West,Lake Havasu,38.7
2023-01-31,Central,Flathead Lake,24.5
2023-01-31,East,Lake Mohave,38.5
2023-01-31,North,Lake Powell,5.7
2023-01-31,South,Lake Tahoe,13.8
2023-01-31,West,Lake Havasu,37.3
2023-02-01,Central,Flathead Lake,24.2
2023-02-01,East,Lake Mohave,42.7
2023-02-01,North,Lake Powell,5.5
2023-02-01,South,Lake Tahoe,13.8
2023-02-01,West,Lake Havasu,28.5
2023-02-02,Central,Flathead Lake,24.2
2023-02-02,East,Lake Mohave,44.4
2023-02-02,North,Lake Powell,5.4
2023-02-02,South,Lake Tahoe,13.8
2023-02-02,West,Lake Havasu,40.7
2023-02-03,Central,Flathead Lake,24.2
2023-02-03,East,Lake Mohave,45.3
2023-02-03,North,Lake Powell,5.2
2023-02-03,South,Lake Tahoe,13.6
2023-02-03,West,Lake Havasu,43.6
2023-02-04,Central,Flathead Lake,24.3
2023-02-04,East,Lake Mohave,47.0
2023-02-04,North,Lake Powell,5.0
2023-02-04,South,Lake Tahoe,14.7
2023-02-04,West,Lake Havasu,43.6
2023-02-05,Central,Flathead Lake,24.4
2023-02-05,East,Lake Mohave,50.4
2023-02-05,North,Lake Powell,4.9
2023-02-05,South,Lake Tahoe,16.6
2023-02-05,West,Lake Havasu,45.8
2023-02-06,Central,Flathead Lake,24.5
2023-02-06,East,Lake Mohave,51.3
2023-02-06,North,Lake Powell,4.7
2023-02-06,South,Lake Tahoe,16.6
2023-02-06,West,Lake Havasu,43.6
2023-02-07,Central,Flathead Lake,24.5
2023-02-07,East,Lake Mohave,49.6
2023-02-07,North,Lake Powell,4.6
2023-02-07,South,Lake Tahoe,16.6
2023-02-07,West,Lake Havasu,41.1
2023-02-08,Central,Flathead Lake,24.5
2023-02-08,East,Lake Mohave,45.3
2023-02-08,North,Lake Powell,4.4
2023-02-08,South,Lake Tahoe,16.6
2023-02-08,West,Lake Havasu,48.3
2023-02-09,Central,Flathead Lake,24.5
2023-02-09,East,Lake Mohave,47.9
2023-02-09,North,Lake Powell,4.3
2023-02-09,South,Lake Tahoe,16.6
2023-02-09,West,Lake Havasu,66.3
2023-02-10,Central,Flathead Lake,24.5
2023-02-10,East,Lake Mohave,45.3
2023-02-10,North,Lake Powell,4.1
2023-02-10,South,Lake Tahoe,16.6
2023-02-10,West,Lake Havasu,61.6
2023-02-11,Central,Flathead Lake,24.5
2023-02-11,East,Lake Mohave,42.7
2023-02-11,North,Lake Powell,3.9
2023-02-11,South,Lake Tahoe,17.0
2023-02-11,West,Lake Havasu,57.8
2023-02-12,Central,Flathead Lake,24.4
2023-02-12,East,Lake Mohave,42.7
2023-02-12,North,Lake Powell,3.9
2023-02-12,South,Lake Tahoe,16.6
2023-02-12,West,Lake Havasu,47.9
2023-02-13,Central,Flathead Lake,24.6
2023-02-13,East,Lake Mohave,42.7
2023-02-13,North,Lake Powell,3.6
2023-02-13,South,Lake Tahoe,16.6
2023-02-13,West,Lake Havasu,44.9
2023-02-14,Central,Flathead Lake,24.8
2023-02-14,East,Lake Mohave,44.4
2023-02-14,North,Lake Powell,3.3
2023-02-14,South,Lake Tahoe,15.9
2023-02-14,West,Lake Havasu,48.3
2023-02-15,Central,Flathead Lake,24.8
2023-02-15,East,Lake Mohave,47.9
2023-02-15,North,Lake Powell,3.2
2023-02-15,South,Lake Tahoe,15.9
2023-02-15,West,Lake Havasu,48.8
2023-02-16,Central,Flathead Lake,24.8
2023-02-16,East,Lake Mohave,55.6
2023-02-16,North,Lake Powell,3.3
2023-02-16,South,Lake Tahoe,15.9
2023-02-16,West,Lake Havasu,57.3
2023-02-17,Central,Flathead Lake,24.7
2023-02-17,East,Lake Mohave,55.6
2023-02-17,North,Lake Powell,3.2
2023-02-17,South,Lake Tahoe,15.6
2023-02-17,West,Lake Havasu,48.8
2023-02-18,Central,Flathead Lake,24.6
2023-02-18,East,Lake Mohave,49.6
2023-02-18,North,Lake Powell,3.2
2023-02-18,South,Lake Tahoe,15.6
2023-02-18,West,Lake Havasu,39.6
2023-02-19,Central,Flathead Lake,24.6
2023-02-19,East,Lake Mohave,48.7
2023-02-19,North,Lake Powell,3.0
2023-02-19,South,Lake Tahoe,15.6
2023-02-19,West,Lake Havasu,33.0
2023-02-20,Central,Flathead Lake,24.7
2023-02-20,East,Lake Mohave,47.9
2023-02-20,North,Lake Powell,2.8
2023-02-20,South,Lake Tahoe,15.6
2023-02-20,West,Lake Havasu,34.8
2023-02-21,Central,Flathead Lake,24.9
2023-02-21,East,Lake Mohave,43.6
2023-02-21,North,Lake Powell,2.5
2023-02-21,South,Lake Tahoe,15.6
2023-02-21,West,Lake Havasu,36.4
2023-02-22,Central,Flathead Lake,25.0
2023-02-22,East,Lake Mohave,54.7
2023-02-22,North,Lake Powell,2.2
2023-02-22,South,Lake Tahoe,16.6
2023-02-22,West,Lake Havasu,45.4
2023-02-23,Central,Flathead Lake,27.5
2023-02-23,East,Lake Mohave,52.1
2023-02-23,North,Lake Powell,2.2
2023-02-23,South,Lake Tahoe,16.3
2023-02-23,West,Lake Havasu,64.0
2023-02-24,Central,Flathead Lake,27.8
2023-02-24,East,Lake Mohave,59.0
2023-02-24,North,Lake Powell,2.4
2023-02-24,South,Lake Tahoe,16.8
2023-02-24,West,Lake Havasu,62.9
2023-02-25,Central,Flathead Lake,25.8
2023-02-25,East,Lake Mohave,65.8
2023-02-25,North,Lake Powell,2.2
2023-02-25,South,Lake Tahoe,17.5
2023-02-25,West,Lake Havasu,59.3
2023-02-26,Central,Flathead Lake,25.5
2023-02-26,East,Lake Mohave,59.8
2023-02-26,North,Lake Powell,1.7
2023-02-26,South,Lake Tahoe,17.9
2023-02-26,West,Lake Havasu,58.7
2023-02-27,Central,Flathead Lake,25.5
2023-02-27,East,Lake Mohave,65.8
2023-02-27,North,Lake Powell,1.9
2023-02-27,South,Lake Tahoe,19.3
2023-02-27,West,Lake Havasu,54.8
2023-02-28,Central,Flathead Lake,25.5
2023-02-28,East,Lake Mohave,65.0
2023-02-28,North,Lake Powell,1.6
2023-02-28,South,Lake Tahoe,21.5
2023-02-28,West,Lake Havasu,50.1
2023-03-01,Central,Flathead Lake,21.1
2023-03-01,East,Lake Mohave,70.9
2023-03-01,North,Lake Powell,1.7
2023-03-01,South,Lake Tahoe,21.3
2023-03-01,West,Lake Havasu,54.4
2023-03-02,Central,Flathead Lake,17.1
2023-03-02,East,Lake Mohave,70.1
2023-03-02,North,Lake Powell,1.4
2023-03-02,South,Lake Tahoe,20.9
2023-03-02,West,Lake Havasu,71.5
2023-03-03,Central,Flathead Lake,13.4
2023-03-03,East,Lake Mohave,71.8
2023-03-03,North,Lake Powell,1.6
2023-03-03,South,Lake Tahoe,20.9
2023-03-03,West,Lake Havasu,70.1
2023-03-04,Central,Flathead Lake,8.1
2023-03-04,East,Lake Mohave,65.0
2023-03-04,North,Lake Powell,1.6
2023-03-04,South,Lake Tahoe,21.3
2023-03-04,West,Lake Havasu,73.0
2023-03-05,Central,Flathead Lake,5.0
2023-03-05,East,Lake Mohave,51.3
2023-03-05,North,Lake Powell,1.3
2023-03-05,South,Lake Tahoe,22.7
2023-03-05,West,Lake Havasu,87.2
2023-03-06,Central,Flathead Lake,2.9
2023-03-06,East,Lake Mohave,65.0
2023-03-06,North,Lake Powell,1.3
2023-03-06,South,Lake Tahoe,22.7
2023-03-06,West,Lake Havasu,80.7
2023-03-07,Central,Flathead Lake,2.8
2023-03-07,East,Lake Mohave,65.8
2023-03-07,North,Lake Powell,1.3
2023-03-07,South,Lake Tahoe,22.7
2023-03-07,West,Lake Havasu,77.3
2023-03-08,Central,Flathead Lake,2.7
2023-03-08,East,Lake Mohave,64.1
2023-03-08,North,Lake Powell,1.3
2023-03-08,South,Lake Tahoe,23.1
2023-03-08,West,Lake Havasu,66.7
2023-03-09,Central,Flathead Lake,2.7
2023-03-09,East,Lake Mohave,64.1
2023-03-09,North,Lake Powell,1.1
2023-03-09,South,Lake Tahoe,24.7
2023-03-09,West,Lake Havasu,72.6
2023-03-10,Central,Flathead Lake,2.8
2023-03-10,East,Lake Mohave,66.7
2023-03-10,North,Lake Powell,0.9
2023-03-10,South,Lake Tahoe,27.4
2023-03-10,West,Lake Havasu,57.3
2023-03-11,Central,Flathead Lake,2.8
2023-03-11,East,Lake Mohave,68.4
2023-03-11,North,Lake Powell,0.9
2023-03-11,South,Lake Tahoe,30.2
2023-03-11,West,Lake Havasu,43.1
2023-03-12,Central,Flathead Lake,2.8
2023-03-12,East,Lake Mohave,65.8
2023-03-12,North,Lake Powell,0.9
2023-03-12,South,Lake Tahoe,32.0
2023-03-12,West,Lake Havasu,30.6
2023-03-13,Central,Flathead Lake,2.8
2023-03-13,East,Lake Mohave,63.2
2023-03-13,North,Lake Powell,0.9
2023-03-13,South,Lake Tahoe,32.4
2023-03-13,West,Lake Havasu,31.9
2023-03-14,Central,Flathead Lake,2.8
2023-03-14,East,Lake Mohave,65.8
2023-03-14,North,Lake Powell,0.9
2023-03-14,South,Lake Tahoe,34.7
2023-03-14,West,Lake Havasu,36.0
2023-03-15,Central,Flathead Lake,2.8
2023-03-15,East,Lake Mohave,61.5
2023-03-15,North,Lake Powell,0.9
2023-03-15,South,Lake Tahoe,34.5
2023-03-15,West,Lake Havasu,46.3
2023-03-16,Central,Flathead Lake,2.8
2023-03-16,East,Lake Mohave,60.7
2023-03-16,North,Lake Powell,1.1
2023-03-16,South,Lake Tahoe,34.5
2023-03-16,West,Lake Havasu,77.8
2023-03-17,Central,Flathead Lake,2.8
2023-03-17,East,Lake Mohave,60.7
2023-03-17,North,Lake Powell,1.3
2023-03-17,South,Lake Tahoe,34.7
2023-03-17,West,Lake Havasu,75.3
2023-03-18,Central,Flathead Lake,2.8
2023-03-18,East,Lake Mohave,57.3
2023-03-18,North,Lake Powell,1.4
2023-03-18,South,Lake Tahoe,34.9
2023-03-18,West,Lake Havasu,75.3
2023-03-19,Central,Flathead Lake,2.8
2023-03-19,East,Lake Mohave,65.8
2023-03-19,North,Lake Powell,1.6
2023-03-19,South,Lake Tahoe,36.1
2023-03-19,West,Lake Havasu,67.9
2023-03-20,Central,Flathead Lake,2.8
2023-03-20,East,Lake Mohave,70.1
2023-03-20,North,Lake Powell,1.6
2023-03-20,South,Lake Tahoe,35.8
2023-03-20,West,Lake Havasu,59.3
2023-03-21,Central,Flathead Lake,2.8
2023-03-21,East,Lake Mohave,76.1
2023-03-21,North,Lake Powell,1.7
2023-03-21,South,Lake Tahoe,36.3
2023-03-21,West,Lake Havasu,45.8
2023-03-22,Central,Flathead Lake,2.7
2023-03-22,East,Lake Mohave,87.2
2023-03-22,North,Lake Powell,1.9
2023-03-22,South,Lake Tahoe,36.3
2023-03-22,West,Lake Havasu,53.9
2023-03-23,Central,Flathead Lake,2.7
2023-03-23,East,Lake Mohave,94.0
2023-03-23,North,Lake Powell,2.2
2023-03-23,South,Lake Tahoe,36.5
2023-03-23,West,Lake Havasu,67.9
2023-03-24,Central,Flathead Lake,2.7
2023-03-24,East,Lake Mohave,92.3
2023-03-24,North,Lake Powell,2.4
2023-03-24,South,Lake Tahoe,36.5
2023-03-24,West,Lake Havasu,56.0
2023-03-25,Central,Flathead Lake,2.7
2023-03-25,East,Lake Mohave,90.6
2023-03-25,North,Lake Powell,2.7
2023-03-25,South,Lake Tahoe,36.5
2023-03-25,West,Lake Havasu,52.6
2023-03-26,Central,Flathead Lake,2.7
2023-03-26,East,Lake Mohave,85.5
2023-03-26,North,Lake Powell,3.0
2023-03-26,South,Lake Tahoe,36.5
2023-03-26,West,Lake Havasu,54.8
2023-03-27,Central,Flathead Lake,2.8
2023-03-27,East,Lake Mohave,82.9
2023-03-27,North,Lake Powell,3.0
2023-03-27,South,Lake Tahoe,36.3
2023-03-27,West,Lake Havasu,65.8
2023-03-28,Central,Flathead Lake,2.8
2023-03-28,East,Lake Mohave,86.3
2023-03-28,North,Lake Powell,3.3
2023-03-28,South,Lake Tahoe,37.4
2023-03-28,West,Lake Havasu,80.0
2023-03-29,Central,Flathead Lake,2.8
2023-03-29,East,Lake Mohave,92.3
2023-03-29,North,Lake Powell,3.2
2023-03-29,South,Lake Tahoe,37.9
2023-03-29,West,Lake Havasu,83.4
2023-03-30,Central,Flathead Lake,2.8
2023-03-30,East,Lake Mohave,100.0
2023-03-30,North,Lake Powell,3.2
2023-03-30,South,Lake Tahoe,37.9
2023-03-30,West,Lake Havasu,94.2
2023-03-31,Central,Flathead Lake,4.5
2023-03-31,East,Lake Mohave,94.9
2023-03-31,North,Lake Powell,3.2
2023-03-31,South,Lake Tahoe,37.9
2023-03-31,West,Lake Havasu,87.2
2023-04-01,Central,Flathead Lake,6.0
2023-04-01,East,Lake Mohave,90.6
2023-04-01,North,Lake Powell,3.3
2023-04-01,South,Lake Tahoe,37.9
2023-04-01,West,Lake Havasu,85.4
2023-04-02,Central,Flathead Lake,6.1
2023-04-02,East,Lake Mohave,78.6
2023-04-02,North,Lake Powell,3.2
2023-04-02,South,Lake Tahoe,38.1
2023-04-02,West,Lake Havasu,87.2
2023-04-03,Central,Flathead Lake,6.1
2023-04-03,East,Lake Mohave,80.3
2023-04-03,North,Lake Powell,2.5
2023-04-03,South,Lake Tahoe,38.1
2023-04-03,West,Lake Havasu,93.3
2023-04-04,Central,Flathead Lake,2.9
2023-04-04,East,Lake Mohave,88.0
2023-04-04,North,Lake Powell,2.4
2023-04-04,South,Lake Tahoe,37.9
2023-04-04,West,Lake Havasu,89.0
2023-04-05,Central,Flathead Lake,2.4
2023-04-05,East,Lake Mohave,87.2
2023-04-05,North,Lake Powell,2.4
2023-04-05,South,Lake Tahoe,37.9
2023-04-05,West,Lake Havasu,82.0
2023-04-06,Central,Flathead Lake,1.0
2023-04-06,East,Lake Mohave,92.3
2023-04-06,North,Lake Powell,1.9
2023-04-06,South,Lake Tahoe,37.9
2023-04-06,West,Lake Havasu,90.1
2023-04-07,Central,Flathead Lake,0.4
2023-04-07,East,Lake Mohave,95.7
2023-04-07,North,Lake Powell,1.6
2023-04-07,South,Lake Tahoe,37.9
2023-04-07,West,Lake Havasu,74.8
2023-04-08,Central,Flathead Lake,0.5
2023-04-08,East,Lake Mohave,94.0
2023-04-08,North,Lake Powell,1.1
2023-04-08,South,Lake Tahoe,37.9
2023-04-08,West,Lake Havasu,69.7
2023-04-09,Central,Flathead Lake,0.3
2023-04-09,East,Lake Mohave,91.5
2023-04-09,North,Lake Powell,0.9
2023-04-09,South,Lake Tahoe,38.3
2023-04-09,West,Lake Havasu,61.6
2023-04-10,Central,Flathead Lake,0.4
2023-04-10,East,Lake Mohave,93.2
2023-04-10,North,Lake Powell,0.6
2023-04-10,South,Lake Tahoe,38.5
2023-04-10,West,Lake Havasu,58.2
2023-04-11,Central,Flathead Lake,0.3
2023-04-11,East,Lake Mohave,94.9
2023-04-11,North,Lake Powell,0.3
2023-04-11,South,Lake Tahoe,38.8
2023-04-11,West,Lake Havasu,54.4
2023-04-12,Central,Flathead Lake,0.3
2023-04-12,East,Lake Mohave,94.0
2023-04-12,North,Lake Powell,0.2
2023-04-12,South,Lake Tahoe,39.2
2023-04-12,West,Lake Havasu,44.9
2023-04-13,Central,Flathead Lake,0.2
2023-04-13,East,Lake Mohave,91.5
2023-04-13,North,Lake Powell,0.0
2023-04-13,South,Lake Tahoe,39.7
2023-04-13,West,Lake Havasu,49.7
2023-04-14,Central,Flathead Lake,0.2
2023-04-14,East,Lake Mohave,90.6
2023-04-14,North,Lake Powell,0.0
2023-04-14,South,Lake Tahoe,39.9
2023-04-14,West,Lake Havasu,41.6
2023-04-15,Central,Flathead Lake,0.1
2023-04-15,East,Lake Mohave,85.5
2023-04-15,North,Lake Powell,0.5
2023-04-15,South,Lake Tahoe,40.4
2023-04-15,West,Lake Havasu,35.3
2023-04-16,Central,Flathead Lake,0.0
2023-04-16,East,Lake Mohave,72.6
2023-04-16,North,Lake Powell,1.3
2023-04-16,South,Lake Tahoe,40.4
2023-04-16,West,Lake Havasu,31.0
2023-04-17,Central,Flathead Lake,0.4
2023-04-17,East,Lake Mohave,70.9
2023-04-17,North,Lake Powell,2.1
2023-04-17,South,Lake Tahoe,41.0
2023-04-17,West,Lake Havasu,36.4
2023-04-18,Central,Flathead Lake,0.5
2023-04-18,East,Lake Mohave,66.7
2023-04-18,North,Lake Powell,3.0
2023-04-18,South,Lake Tahoe,41.3
2023-04-18,West,Lake Havasu,45.4
2023-04-19,Central,Flathead Lake,0.3
2023-04-19,East,Lake Mohave,66.7
2023-04-19,North,Lake Powell,3.9
2023-04-19,South,Lake Tahoe,41.5
2023-04-19,West,Lake Havasu,47.0
2023-04-20,Central,Flathead Lake,0.3
2023-04-20,East,Lake Mohave,66.7
2023-04-20,North,Lake Powell,5.0
2023-04-20,South,Lake Tahoe,41.7
2023-04-20,West,Lake Havasu,62.0
2023-04-21,Central,Flathead Lake,0.8
2023-04-21,East,Lake Mohave,65.8
2023-04-21,North,Lake Powell,6.0
2023-04-21,South,Lake Tahoe,42.4
2023-04-21,West,Lake Havasu,58.2
2023-04-22,Central,Flathead Lake,1.5
2023-04-22,East,Lake Mohave,70.1
2023-04-22,North,Lake Powell,6.9
2023-04-22,South,Lake Tahoe,42.9
2023-04-22,West,Lake Havasu,60.2
2023-04-23,Central,Flathead Lake,1.5
2023-04-23,East,Lake Mohave,65.0
2023-04-23,North,Lake Powell,7.9
2023-04-23,South,Lake Tahoe,43.3
2023-04-23,West,Lake Havasu,61.6
2023-04-24,Central,Flathead Lake,2.1
2023-04-24,East,Lake Mohave,63.2
2023-04-24,North,Lake Powell,8.4
2023-04-24,South,Lake Tahoe,44.0
2023-04-24,West,Lake Havasu,59.8
2023-04-25,Central,Flathead Lake,2.7
2023-04-25,East,Lake Mohave,65.0
2023-04-25,North,Lake Powell,7.4
2023-04-25,South,Lake Tahoe,44.4
2023-04-25,West,Lake Havasu,63.4
2023-04-26,Central,Flathead Lake,2.9
2023-04-26,East,Lake Mohave,69.2
2023-04-26,North,Lake Powell,6.9
2023-04-26,South,Lake Tahoe,45.4
2023-04-26,West,Lake Havasu,57.8
2023-04-27,Central,Flathead Lake,4.0
2023-04-27,East,Lake Mohave,78.6
2023-04-27,North,Lake Powell,6.2
2023-04-27,South,Lake Tahoe,46.0
2023-04-27,West,Lake Havasu,73.0
2023-04-28,Central,Flathead Lake,4.3
2023-04-28,East,Lake Mohave,76.1
2023-04-28,North,Lake Powell,6.3
2023-04-28,South,Lake Tahoe,46.7
2023-04-28,West,Lake Havasu,62.0
2023-04-29,Central,Flathead Lake,5.0
2023-04-29,East,Lake Mohave,71.8
2023-04-29,North,Lake Powell,6.9
2023-04-29,South,Lake Tahoe,47.8
2023-04-29,West,Lake Havasu,62.5
2023-04-30,Central,Flathead Lake,5.6
2023-04-30,East,Lake Mohave,64.1
2023-04-30,North,Lake Powell,7.7
2023-04-30,South,Lake Tahoe,48.8
2023-04-30,West,Lake Havasu,60.7
2023-05-01,Central,Flathead Lake,9.6
2023-05-01,East,Lake Mohave,59.8
2023-05-01,North,Lake Powell,8.2
2023-05-01,South,Lake Tahoe,49.7
2023-05-01,West,Lake Havasu,67.9
2023-05-02,Central,Flathead Lake,14.6
2023-05-02,East,Lake Mohave,60.7
2023-05-02,North,Lake Powell,8.8
2023-05-02,South,Lake Tahoe,51.5
2023-05-02,West,Lake Havasu,64.0
2023-05-03,Central,Flathead Lake,18.6
2023-05-03,East,Lake Mohave,60.7
2023-05-03,North,Lake Powell,9.9
2023-05-03,South,Lake Tahoe,52.2
2023-05-03,West,Lake Havasu,69.7
2023-05-04,Central,Flathead Lake,23.5
2023-05-04,East,Lake Mohave,61.5
2023-05-04,North,Lake Powell,11.0
2023-05-04,South,Lake Tahoe,52.4
2023-05-04,West,Lake Havasu,91.9
2023-05-05,Central,Flathead Lake,28.7
2023-05-05,East,Lake Mohave,59.8
2023-05-05,North,Lake Powell,12.6
2023-05-05,South,Lake Tahoe,53.3
2023-05-05,West,Lake Havasu,91.0
2023-05-06,Central,Flathead Lake,33.4
2023-05-06,East,Lake Mohave,64.1
2023-05-06,North,Lake Powell,14.2
2023-05-06,South,Lake Tahoe,54.0
2023-05-06,West,Lake Havasu,93.3
2023-05-07,Central,Flathead Lake,44.8
2023-05-07,East,Lake Mohave,58.1
2023-05-07,North,Lake Powell,16.1
2023-05-07,South,Lake Tahoe,54.2
2023-05-07,West,Lake Havasu,85.4
2023-05-08,Central,Flathead Lake,52.9
2023-05-08,East,Lake Mohave,63.2
2023-05-08,North,Lake Powell,17.8
2023-05-08,South,Lake Tahoe,54.4
2023-05-08,West,Lake Havasu,94.6
2023-05-09,Central,Flathead Lake,67.2
2023-05-09,East,Lake Mohave,60.7
2023-05-09,North,Lake Powell,19.6
2023-05-09,South,Lake Tahoe,55.1
2023-05-09,West,Lake Havasu,95.1
2023-05-10,Central,Flathead Lake,78.6
2023-05-10,East,Lake Mohave,56.4
2023-05-10,North,Lake Powell,21.1
2023-05-10,South,Lake Tahoe,55.3
2023-05-10,West,Lake Havasu,91.9
2023-05-11,Central,Flathead Lake,97.6
2023-05-11,East,Lake Mohave,64.1
2023-05-11,North,Lake Powell,22.7
2023-05-11,South,Lake Tahoe,56.0
2023-05-11,West,Lake Havasu,100.0
2023-05-12,Central,Flathead Lake,99.5
2023-05-12,East,Lake Mohave,69.2
2023-05-12,North,Lake Powell,24.4
2023-05-12,South,Lake Tahoe,56.5
2023-05-12,West,Lake Havasu,89.7
2023-05-13,Central,Flathead Lake,100.0
2023-05-13,East,Lake Mohave,73.5
2023-05-13,North,Lake Powell,26.2
2023-05-13,South,Lake Tahoe,57.8
2023-05-13,West,Lake Havasu,81.6
2023-05-14,Central,Flathead Lake,99.5
2023-05-14,East,Lake Mohave,72.6
2023-05-14,North,Lake Powell,27.8
2023-05-14,South,Lake Tahoe,58.5
2023-05-14,West,Lake Havasu,71.0
2023-05-15,Central,Flathead Lake,87.6
2023-05-15,East,Lake Mohave,72.6
2023-05-15,North,Lake Powell,29.5
2023-05-15,South,Lake Tahoe,59.2
2023-05-15,West,Lake Havasu,74.8
2023-05-16,Central,Flathead Lake,78.1
2023-05-16,East,Lake Mohave,88.0
2023-05-16,North,Lake Powell,31.4
2023-05-16,South,Lake Tahoe,60.3
2023-05-16,West,Lake Havasu,70.6
2023-05-17,Central,Flathead Lake,78.6
2023-05-17,East,Lake Mohave,89.7
2023-05-17,North,Lake Powell,33.3
2023-05-17,South,Lake Tahoe,61.5
2023-05-17,West,Lake Havasu,56.9
2023-05-18,Central,Flathead Lake,80.5
2023-05-18,East,Lake Mohave,89.7
2023-05-18,North,Lake Powell,35.3
2023-05-18,South,Lake Tahoe,62.6
2023-05-18,West,Lake Havasu,53.0
2023-05-19,Central,Flathead Lake,79.1
2023-05-19,East,Lake Mohave,88.0
2023-05-19,North,Lake Powell,37.5
2023-05-19,South,Lake Tahoe,63.7
2023-05-19,West,Lake Havasu,36.4
2023-05-20,Central,Flathead Lake,78.1
2023-05-20,East,Lake Mohave,77.8
2023-05-20,North,Lake Powell,39.7
2023-05-20,South,Lake Tahoe,65.1
2023-05-20,West,Lake Havasu,38.7
2023-05-21,Central,Flathead Lake,77.2
2023-05-21,East,Lake Mohave,65.0
2023-05-21,North,Lake Powell,42.3
2023-05-21,South,Lake Tahoe,66.7
2023-05-21,West,Lake Havasu,49.2
2023-05-22,Central,Flathead Lake,73.4
2023-05-22,East,Lake Mohave,58.1
2023-05-22,North,Lake Powell,44.6
2023-05-22,South,Lake Tahoe,68.0
2023-05-22,West,Lake Havasu,57.3
2023-05-23,Central,Flathead Lake,58.6
2023-05-23,East,Lake Mohave,57.3
2023-05-23,North,Lake Powell,47.0
2023-05-23,South,Lake Tahoe,69.4
2023-05-23,West,Lake Havasu,61.6
2023-05-24,Central,Flathead Lake,51.5
2023-05-24,East,Lake Mohave,58.1
2023-05-24,North,Lake Powell,49.2
2023-05-24,South,Lake Tahoe,71.0
2023-05-24,West,Lake Havasu,62.9
2023-05-25,Central,Flathead Lake,50.5
2023-05-25,East,Lake Mohave,60.7
2023-05-25,North,Lake Powell,51.6
2023-05-25,South,Lake Tahoe,72.1
2023-05-25,West,Lake Havasu,77.3
2023-05-26,Central,Flathead Lake,55.3
2023-05-26,East,Lake Mohave,53.8
2023-05-26,North,Lake Powell,53.8
2023-05-26,South,Lake Tahoe,73.2
2023-05-26,West,Lake Havasu,62.0
2023-05-27,Central,Flathead Lake,60.5
2023-05-27,East,Lake Mohave,51.3
2023-05-27,North,Lake Powell,56.0
2023-05-27,South,Lake Tahoe,74.1
2023-05-27,West,Lake Havasu,49.7
2023-05-28,Central,Flathead Lake,60.5
2023-05-28,East,Lake Mohave,42.7
2023-05-28,North,Lake Powell,58.2
2023-05-28,South,Lake Tahoe,75.5
2023-05-28,West,Lake Havasu,35.7
2023-05-29,Central,Flathead Lake,60.5
2023-05-29,East,Lake Mohave,43.6
2023-05-29,North,Lake Powell,60.3
2023-05-29,South,Lake Tahoe,76.2
2023-05-29,West,Lake Havasu,22.9
2023-05-30,Central,Flathead Lake,55.8
2023-05-30,East,Lake Mohave,44.4
2023-05-30,North,Lake Powell,62.5
2023-05-30,South,Lake Tahoe,77.8
2023-05-30,West,Lake Havasu,8.5
2023-05-31,Central,Flathead Lake,49.1
2023-05-31,East,Lake Mohave,41.9
2023-05-31,North,Lake Powell,64.4
2023-05-31,South,Lake Tahoe,78.7
2023-05-31,West,Lake Havasu,0.0
2023-06-01,Central,Flathead Lake,45.8
2023-06-01,East,Lake Mohave,35.0
2023-06-01,North,Lake Powell,66.4
2023-06-01,South,Lake Tahoe,79.6
2023-06-01,West,Lake Havasu,20.9
2023-06-02,Central,Flathead Lake,45.8
2023-06-02,East,Lake Mohave,32.5
2023-06-02,North,Lake Powell,68.1
2023-06-02,South,Lake Tahoe,80.5
2023-06-02,West,Lake Havasu,29.7
2023-06-03,Central,Flathead Lake,42.0
2023-06-03,East,Lake Mohave,33.3
2023-06-03,North,Lake Powell,70.0
2023-06-03,South,Lake Tahoe,81.6
2023-06-03,West,Lake Havasu,36.9
2023-06-04,Central,Flathead Lake,42.0
2023-06-04,East,Lake Mohave,40.2
2023-06-04,North,Lake Powell,71.6
2023-06-04,South,Lake Tahoe,82.3
2023-06-04,West,Lake Havasu,38.7
2023-06-05,Central,Flathead Lake,42.0
2023-06-05,East,Lake Mohave,55.6
2023-06-05,North,Lake Powell,73.2
2023-06-05,South,Lake Tahoe,83.7
2023-06-05,West,Lake Havasu,37.3
2023-06-06,Central,Flathead Lake,42.0
2023-06-06,East,Lake Mohave,47.9
2023-06-06,North,Lake Powell,74.6
2023-06-06,South,Lake Tahoe,84.6
2023-06-06,West,Lake Havasu,37.8
2023-06-07,Central,Flathead Lake,42.0
2023-06-07,East,Lake Mohave,61.5
2023-06-07,North,Lake Powell,75.9
2023-06-07,South,Lake Tahoe,85.7
2023-06-07,West,Lake Havasu,45.8
2023-06-08,Central,Flathead Lake,42.4
2023-06-08,East,Lake Mohave,59.8
2023-06-08,North,Lake Powell,77.1
2023-06-08,South,Lake Tahoe,86.6
2023-06-08,West,Lake Havasu,59.8
2023-06-09,Central,Flathead Lake,42.0
2023-06-09,East,Lake Mohave,66.7
2023-06-09,North,Lake Powell,78.4
2023-06-09,South,Lake Tahoe,87.3
2023-06-09,West,Lake Havasu,65.8
2023-06-10,Central,Flathead Lake,42.0
2023-06-10,East,Lake Mohave,63.2
2023-06-10,North,Lake Powell,79.7
2023-06-10,South,Lake Tahoe,88.7
2023-06-10,West,Lake Havasu,68.8
2023-06-11,Central,Flathead Lake,42.0
2023-06-11,East,Lake Mohave,60.7
2023-06-11,North,Lake Powell,81.1
2023-06-11,South,Lake Tahoe,89.8
2023-06-11,West,Lake Havasu,63.6
2023-06-12,Central,Flathead Lake,42.4
2023-06-12,East,Lake Mohave,55.6
2023-06-12,North,Lake Powell,82.5
2023-06-12,South,Lake Tahoe,90.9
2023-06-12,West,Lake Havasu,81.1
2023-06-13,Central,Flathead Lake,42.0
2023-06-13,East,Lake Mohave,55.6
2023-06-13,North,Lake Powell,84.1
2023-06-13,South,Lake Tahoe,92.1
2023-06-13,West,Lake Havasu,78.7
2023-06-14,Central,Flathead Lake,42.4
2023-06-14,East,Lake Mohave,55.6
2023-06-14,North,Lake Powell,85.5
2023-06-14,South,Lake Tahoe,92.7
2023-06-14,West,Lake Havasu,74.8
2023-06-15,Central,Flathead Lake,42.0
2023-06-15,East,Lake Mohave,57.3
2023-06-15,North,Lake Powell,86.8
2023-06-15,South,Lake Tahoe,93.9
2023-06-15,West,Lake Havasu,98.2
2023-06-16,Central,Flathead Lake,42.4
2023-06-16,East,Lake Mohave,63.2
2023-06-16,North,Lake Powell,88.0
2023-06-16,South,Lake Tahoe,94.3
2023-06-16,West,Lake Havasu,93.3
2023-06-17,Central,Flathead Lake,42.0
2023-06-17,East,Lake Mohave,64.1
2023-06-17,North,Lake Powell,89.3
2023-06-17,South,Lake Tahoe,94.3
2023-06-17,West,Lake Havasu,88.5
2023-06-18,Central,Flathead Lake,42.0
2023-06-18,East,Lake Mohave,65.8
2023-06-18,North,Lake Powell,90.2
2023-06-18,South,Lake Tahoe,95.2
2023-06-18,West,Lake Havasu,80.7
2023-06-19,Central,Flathead Lake,42.0
2023-06-19,East,Lake Mohave,64.1
2023-06-19,North,Lake Powell,91.2
2023-06-19,South,Lake Tahoe,95.9
2023-06-19,West,Lake Havasu,78.2
2023-06-20,Central,Flathead Lake,42.4
2023-06-20,East,Lake Mohave,64.1
2023-06-20,North,Lake Powell,92.1
2023-06-20,South,Lake Tahoe,95.7
2023-06-20,West,Lake Havasu,74.4
2023-06-21,Central,Flathead Lake,42.0
2023-06-21,East,Lake Mohave,70.9
2023-06-21,North,Lake Powell,93.2
2023-06-21,South,Lake Tahoe,96.1
2023-06-21,West,Lake Havasu,65.4
2023-06-22,Central,Flathead Lake,41.5
2023-06-22,East,Lake Mohave,70.1
2023-06-22,North,Lake Powell,94.0
2023-06-22,South,Lake Tahoe,96.8
2023-06-22,West,Lake Havasu,86.7
2023-06-23,Central,Flathead Lake,41.5
2023-06-23,East,Lake Mohave,74.4
2023-06-23,North,Lake Powell,94.8
2023-06-23,South,Lake Tahoe,97.3
2023-06-23,West,Lake Havasu,79.6
2023-06-24,Central,Flathead Lake,42.0
2023-06-24,East,Lake Mohave,74.4
2023-06-24,North,Lake Powell,95.7
2023-06-24,South,Lake Tahoe,97.7
2023-06-24,West,Lake Havasu,76.0
2023-06-25,Central,Flathead Lake,42.4
2023-06-25,East,Lake Mohave,68.4
2023-06-25,North,Lake Powell,96.5
2023-06-25,South,Lake Tahoe,97.7
2023-06-25,West,Lake Havasu,71.9
2023-06-26,Central,Flathead Lake,42.0
2023-06-26,East,Lake Mohave,66.7
2023-06-26,North,Lake Powell,97.3
2023-06-26,South,Lake Tahoe,98.2
2023-06-26,West,Lake Havasu,67.9
2023-06-27,Central,Flathead Lake,42.0
2023-06-27,East,Lake Mohave,64.1
2023-06-27,North,Lake Powell,98.1
2023-06-27,South,Lake Tahoe,98.9
2023-06-27,West,Lake Havasu,65.8
2023-06-28,Central,Flathead Lake,42.0
2023-06-28,East,Lake Mohave,64.1
2023-06-28,North,Lake Powell,98.7
2023-06-28,South,Lake Tahoe,99.1
2023-06-28,West,Lake Havasu,65.4
2023-06-29,Central,Flathead Lake,42.0
2023-06-29,East,Lake Mohave,70.1
2023-06-29,North,Lake Powell,99.4
2023-06-29,South,Lake Tahoe,99.5
2023-06-29,West,Lake Havasu,89.2
2023-06-30,Central,Flathead Lake,42.0
2023-06-30,East,Lake Mohave,72.6
2023-06-30,North,Lake Powell,100.0
2023-06-30,South,Lake Tahoe,100.0
2023-06-30,West,Lake Havasu,85.4
