region,date,consumption_liters
Central,2023-01-01,9733.55
Central,2023-01-02,8368.74
Central,2023-01-03,9549.81
Central,2023-01-04,10865.13
Central,2023-01-05,8215.24
Central,2023-01-06,8234.47
Central,2023-01-07,10613.74
Central,2023-01-08,9382.99
Central,2023-01-09,7696.92
Central,2023-01-10,9400.56
Central,2023-01-11,7906.06
Central,2023-01-12,7906.16
Central,2023-01-13,8971.42
Central,2023-01-14,5387.33
Central,2023-01-15,5599.49
Central,2023-01-16,7738.46
Central,2023-01-17,6989.62
Central,2023-01-18,9100.74
Central,2023-01-19,7233.28
Central,2023-01-20,6520.3
Central,2023-01-21,10496.4
Central,2023-01-22,7942.9
Central,2023-01-23,9569.7
Central,2023-01-24,7337.12
Central,2023-01-25,8663.66
Central,2023-01-26,9646.71
Central,2023-01-27,6798.96
Central,2023-01-28,8776.23
Central,2023-01-29,8224.47
Central,2023-01-30,9074.83
Central,2023-01-31,8544.12
Central,2023-02-01,12286.5
Central,2023-02-02,9513.09
Central,2023-02-03,7947.99
Central,2023-02-04,10394.08
Central,2023-02-05,7342.02
Central,2023-02-06,9846.23
Central,2023-02-07,6498.43
Central,2023-02-08,7495.86
Central,2023-02-09,9882.12
Central,2023-02-10,10702.66
Central,2023-02-11,9476.13
Central,2023-02-12,9053.63
Central,2023-02-13,9095.83
Central,2023-02-14,7277.83
Central,2023-02-15,8551.47
Central,2023-02-16,8955.11
Central,2023-02-17,11240.63
Central,2023-02-18,9647.72
Central,2023-02-19,6612.5
Central,2023-02-20,10041.35
Central,2023-02-21,8587.88
Central,2023-02-22,8685.38
Central,2023-02-23,10621.66
Central,2023-02-24,11266.19
Central,2023-02-25,10737.02
Central,2023-02-26,8038.32
Central,2023-02-27,9284.85
Central,2023-02-28,10140.51
Central,2023-03-01,11231.65
Central,2023-03-02,8146.54
Central,2023-03-03,8380.46
Central,2023-03-04,5926.28
Central,2023-03-05,5785.25
Central,2023-03-06,9132.11
Central,2023-03-07,9960.78
Central,2023-03-08,7826.67
Central,2023-03-09,9443.41
Central,2023-03-10,8235.4
Central,2023-03-11,6523.86
Central,2023-03-12,8191.44
Central,2023-03-13,10278.66
Central,2023-03-14,7726.43
Central,2023-03-15,10091.72
Central,2023-03-16,4072.23
Central,2023-03-17,9243.19
Central,2023-03-18,7828.65
Central,2023-03-19,7257.73
Central,2023-03-20,8173.49
Central,2023-03-21,5063.02
Central,2023-03-22,7723.38
Central,2023-03-23,8577.58
Central,2023-03-24,10174.65
Central,2023-03-25,6954.5
Central,2023-03-26,6550.73
Central,2023-03-27,7342.8
Central,2023-03-28,9477.02
Central,2023-03-29,8600.63
Central,2023-03-30,7253.06
Central,2023-03-31,8874.78
Central,2023-04-01,7854.8
Central,2023-04-02,9249.75
Central,2023-04-03,7101.29
Central,2023-04-04,7671.2
Central,2023-04-05,7573.06
Central,2023-04-06,5983.95
Central,2023-04-07,8582.86
Central,2023-04-08,8245.32
Central,2023-04-09,7883.25
Central,2023-04-10,7859.93
Central,2023-04-11,5779.91
Central,2023-04-12,7596.86
Central,2023-04-13,7707.06
Central,2023-04-14,7030.46
Central,2023-04-15,7679.46
Central,2023-04-16,8460.04
Central,2023-04-17,11071.81
Central,2023-04-18,8341.4
Central,2023-04-19,8668.43
Central,2023-04-20,8158.43
Central,2023-04-21,5282.37
Central,2023-04-22,7927.76
Central,2023-04-23,8069.54
Central,2023-04-24,11940.61
Central,2023-04-25,8037.45
Central,2023-04-26,8785.35
Central,2023-04-27,8287.92
Central,2023-04-28,6593.84
Central,2023-04-29,9733.73
Central,2023-04-30,9153.83
Central,2023-05-01,9553.49
Central,2023-05-02,8125.83
Central,2023-05-03,11595.85
Central,2023-05-04,8265.86
Central,2023-05-05,11172.0
Central,2023-05-06,12213.7
Central,2023-05-07,8984.95
Central,2023-05-08,10344.96
Central,2023-05-09,11267.12
Central,2023-05-10,10461.02
Central,2023-05-11,8910.68
Central,2023-05-12,11346.82
Central,2023-05-13,9207.62
Central,2023-05-14,11518.17
Central,2023-05-15,9885.81
Central,2023-05-16,13590.02
Central,2023-05-17,10025.26
Central,2023-05-18,10801.4
Central,2023-05-19,12510.97
Central,2023-05-20,8998.56
Central,2023-05-21,11185.43
Central,2023-05-22,12924.49
Central,2023-05-23,8902.58
Central,2023-05-24,11596.11
Central,2023-05-25,11649.16
Central,2023-05-26,12326.58
Central,2023-05-27,8426.34
Central,2023-05-28,8505.22
Central,2023-05-29,12126.2
Central,2023-05-30,11793.06
Central,2023-05-31,11707.93
Central,2023-06-01,11875.29
Central,2023-06-02,10326.32
Central,2023-06-03,11256.78
Central,2023-06-04,11351.25
Central,2023-06-05,10297.95
Central,2023-06-06,14171.13
Central,2023-06-07,12086.03
Central,2023-06-08,9389.44
Central,2023-06-09,11851.65
Central,2023-06-10,9440.27
Central,2023-06-11,12053.68
Central,2023-06-12,13117.84
Central,2023-06-13,9286.08
Central,2023-06-14,12269.13
Central,2023-06-15,12003.5
Central,2023-06-16,12625.0
Central,2023-06-17,13145.78
Central,2023-06-18,10376.21
Central,2023-06-19,10263.35
Central,2023-06-20,10027.48
Central,2023-06-21,10164.13
Central,2023-06-22,11278.6
Central,2023-06-23,11905.69
Central,2023-06-24,11352.77
Central,2023-06-25,12127.93
Central,2023-06-26,11411.41
Central,2023-06-27,13571.13
Central,2023-06-28,10992.58
Central,2023-06-29,15468.36
East,2023-01-01,10064.77
East,2023-01-02,8724.74
East,2023-01-03,9724.52
East,2023-01-04,12079.07
East,2023-01-05,11892.23
East,2023-01-06,13519.04
East,2023-01-07,13562.72
East,2023-01-08,12747.09
East,2023-01-09,12125.62
East,2023-01-10,10789.54
East,2023-01-11,12734.22
East,2023-01-12,14692.97
East,2023-01-13,13734.08
East,2023-01-14,10606.77
East,2023-01-15,12471.57
East,2023-01-16,13641.72
East,2023-01-17,12055.26
East,2023-01-18,13669.12
East,2023-01-19,13434.01
East,2023-01-20,11735.59
East,2023-01-21,13454.5
East,2023-01-22,13764.95
East,2023-01-23,15093.2
East,2023-01-24,15055.87
East,2023-01-25,11415.37
East,2023-01-26,12082.01
East,2023-01-27,14268.34
East,2023-01-28,13733.54
East,2023-01-29,13742.5
East,2023-01-30,19296.96
East,2023-01-31,14381.88
East,2023-02-01,15236.72
East,2023-02-02,14972.36
East,2023-02-03,14526.57
East,2023-02-04,12542.55
East,2023-02-05,14161.99
East,2023-02-06,12415.51
East,2023-02-07,13228.22
East,2023-02-08,12864.25
East,2023-02-09,13724.08
East,2023-02-10,17082.36
East,2023-02-11,10273.93
East,2023-02-12,14113.2
East,2023-02-13,11219.38
East,2023-02-14,12862.16
East,2023-02-15,15291.2
East,2023-02-16,13764.03
East,2023-02-17,12060.95
East,2023-02-18,12067.16
East,2023-02-19,14169.27
East,2023-02-20,12612.5
East,2023-02-21,14043.1
East,2023-02-22,13563.24
East,2023-02-23,12320.03
East,2023-02-24,16959.5
East,2023-02-25,13605.9
East,2023-02-26,9989.61
East,2023-02-27,14062.21
East,2023-02-28,12800.83
East,2023-03-01,14082.21
East,2023-03-02,12568.4
East,2023-03-03,13654.77
East,2023-03-04,14042.09
East,2023-03-05,14594.1
East,2023-03-06,12060.38
East,2023-03-07,13370.5
East,2023-03-08,13171.31
East,2023-03-09,12915.27
East,2023-03-10,16373.01
East,2023-03-11,13969.18
East,2023-03-12,11481.57
East,2023-03-13,15318.57
East,2023-03-14,17091.23
East,2023-03-15,14090.44
East,2023-03-16,11697.95
East,2023-03-17,13262.44
East,2023-03-18,15340.94
East,2023-03-19,12365.45
East,2023-03-20,14689.97
East,2023-03-21,14821.02
East,2023-03-22,12306.51
East,2023-03-23,13970.45
East,2023-03-24,9209.66
East,2023-03-25,11983.47
East,2023-03-26,13152.54
East,2023-03-27,12235.32
East,2023-03-28,16567.39
East,2023-03-29,11640.81
East,2023-03-30,13462.69
East,2023-03-31,14350.06
East,2023-04-01,15760.91
East,2023-04-02,11456.37
East,2023-04-03,15933.59
East,2023-04-04,14215.75
East,2023-04-05,12739.64
East,2023-04-06,14916.51
East,2023-04-07,14533.35
East,2023-04-08,12775.94
East,2023-04-09,13791.8
East,2023-04-10,13690.65
East,2023-04-11,14450.05
East,2023-04-12,15284.06
East,2023-04-13,16680.9
East,2023-04-14,12456.09
East,2023-04-15,16950.28
East,2023-04-16,10832.94
East,2023-04-17,14117.46
East,2023-04-18,15238.22
East,2023-04-19,14787.74
East,2023-04-20,13442.62
East,2023-04-21,14074.8
East,2023-04-22,13081.81
East,2023-04-23,12946.97
East,2023-04-24,15691.72
East,2023-04-25,14962.73
East,2023-04-26,13397.62
East,2023-04-27,15796.05
East,2023-04-28,14917.14
East,2023-04-29,15106.28
East,2023-04-30,14840.36
East,2023-05-01,13240.59
East,2023-05-02,13652.85
East,2023-05-03,15622.97
East,2023-05-04,15413.36
East,2023-05-05,14488.09
East,2023-05-06,14122.81
East,2023-05-07,15871.33
East,2023-05-08,13657.13
East,2023-05-09,15373.19
East,2023-05-10,14257.16
East,2023-05-11,14241.68
East,2023-05-12,16223.97
East,2023-05-13,15238.04
East,2023-05-14,15227.17
East,2023-05-15,16555.86
East,2023-05-16,14636.11
East,2023-05-17,15634.32
East,2023-05-18,14152.61
East,2023-05-19,15110.72
East,2023-05-20,13850.3
East,2023-05-21,14196.87
East,2023-05-22,15535.52
East,2023-05-23,13421.21
East,2023-05-24,17792.7
East,2023-05-25,13150.49
East,2023-05-26,12843.44
East,2023-05-27,15820.13
East,2023-05-28,15275.11
East,2023-05-29,15615.44
East,2023-05-30,15626.25
East,2023-05-31,14669.64
East,2023-06-01,13346.22
East,2023-06-02,14809.7
East,2023-06-03,13095.97
East,2023-06-04,15577.77
East,2023-06-05,14485.95
East,2023-06-06,13471.41
East,2023-06-07,14230.5
East,2023-06-08,15334.7
East,2023-06-09,13872.24
East,2023-06-10,12898.02
East,2023-06-11,14442.76
East,2023-06-12,15091.66
East,2023-06-13,13965.52
East,2023-06-14,14020.9
East,2023-06-15,15076.85
East,2023-06-16,12557.77
East,2023-06-17,12030.39
East,2023-06-18,13064.6
East,2023-06-19,14411.87
East,2023-06-20,15198.7
East,2023-06-21,16945.48
East,2023-06-22,16018.83
East,2023-06-23,14492.13
East,2023-06-24,14113.74
East,2023-06-25,12637.79
East,2023-06-26,14702.13
East,2023-06-27,14295.79
East,2023-06-28,15211.54
East,2023-06-29,13485.09
North,2023-01-01,10456.37
North,2023-01-02,12795.8
North,2023-01-03,10189.19
North,2023-01-04,11108.06
North,2023-01-05,11362.51
North,2023-01-06,9903.28
North,2023-01-07,10428.08
North,2023-01-08,10103.97
North,2023-01-09,10664.29
North,2023-01-10,9034.52
North,2023-01-11,10560.43
North,2023-01-12,11273.82
North,2023-01-13,12706.82
North,2023-01-14,11513.65
North,2023-01-15,13204.97
North,2023-01-16,9263.0
North,2023-01-17,11555.69
North,2023-01-18,10823.55
North,2023-01-19,13832.45
North,2023-01-20,9217.63
North,2023-01-21,8879.13
North,2023-01-22,9197.11
North,2023-01-23,7325.86
North,2023-01-24,9786.28
North,2023-01-25,9441.04
North,2023-01-26,10810.28
North,2023-01-27,11102.39
North,2023-01-28,12985.4
North,2023-01-29,11601.87
North,2023-01-30,9740.3
North,2023-01-31,9263.56
North,2023-02-01,11354.7
North,2023-02-02,8642.22
North,2023-02-03,13375.61
North,2023-02-04,11978.17
North,2023-02-05,9501.7
North,2023-02-06,8076.91
North,2023-02-07,12683.69
North,2023-02-08,10487.43
North,2023-02-09,12522.43
North,2023-02-10,8280.62
North,2023-02-11,9352.69
North,2023-02-12,10266.09
North,2023-02-13,10748.32
North,2023-02-14,9702.54
North,2023-02-15,11548.04
North,2023-02-16,9112.04
North,2023-02-17,10507.07
North,2023-02-18,10479.21
North,2023-02-19,11077.45
North,2023-02-20,11810.01
North,2023-02-21,9063.09
North,2023-02-22,7910.41
North,2023-02-23,12564.7
North,2023-02-24,11159.2
North,2023-02-25,9226.63
North,2023-02-26,12627.4
North,2023-02-27,10969.73
North,2023-02-28,12514.57
North,2023-03-01,10533.1
North,2023-03-02,13852.71
North,2023-03-03,13461.15
North,2023-03-04,10029.35
North,2023-03-05,11867.98
North,2023-03-06,11820.65
North,2023-03-07,12913.76
North,2023-03-08,9421.69
North,2023-03-09,11906.46
North,2023-03-10,12317.35
North,2023-03-11,7422.4
North,2023-03-12,8686.8
North,2023-03-13,7759.4
North,2023-03-14,10515.2
North,2023-03-15,11506.83
North,2023-03-16,13111.77
North,2023-03-17,11055.86
North,2023-03-18,12958.02
North,2023-03-19,8378.23
North,2023-03-20,8220.17
North,2023-03-21,10505.44
North,2023-03-22,11344.01
North,2023-03-23,10937.01
North,2023-03-24,7883.66
North,2023-03-25,10438.64
North,2023-03-26,8586.34
North,2023-03-27,12034.34
North,2023-03-28,11588.2
North,2023-03-29,9636.95
North,2023-03-30,9640.91
North,2023-03-31,9474.82
North,2023-04-01,10535.14
North,2023-04-02,12069.91
North,2023-04-03,9449.3
North,2023-04-04,11848.27
North,2023-04-05,10309.98
North,2023-04-06,9924.3
North,2023-04-07,10961.27
North,2023-04-08,9131.93
North,2023-04-09,9862.12
North,2023-04-10,9349.38
North,2023-04-11,14101.32
North,2023-04-12,11215.11
North,2023-04-13,10120.56
North,2023-04-14,11342.99
North,2023-04-15,10569.91
North,2023-04-16,10414.4
North,2023-04-17,12122.54
North,2023-04-18,12345.19
North,2023-04-19,10420.74
North,2023-04-20,10360.27
North,2023-04-21,10818.84
North,2023-04-22,7336.34
North,2023-04-23,8518.75
North,2023-04-24,13284.07
North,2023-04-25,13727.83
North,2023-04-26,10893.87
North,2023-04-27,12139.22
North,2023-04-28,11748.13
North,2023-04-29,15454.84
North,2023-04-30,12522.3
North,2023-05-01,11109.46
North,2023-05-02,9874.53
North,2023-05-03,8904.59
North,2023-05-04,13118.6
North,2023-05-05,11702.5
North,2023-05-06,10196.82
North,2023-05-07,11366.88
North,2023-05-08,11235.14
North,2023-05-09,15394.75
North,2023-05-10,15404.29
North,2023-05-11,14076.8
North,2023-05-12,16315.46
North,2023-05-13,13648.34
North,2023-05-14,12246.61
North,2023-05-15,16399.73
North,2023-05-16,15992.51
North,2023-05-17,13634.79
North,2023-05-18,14911.51
North,2023-05-19,13889.78
North,2023-05-20,12526.67
North,2023-05-21,15995.77
North,2023-05-22,18084.92
North,2023-05-23,13128.47
North,2023-05-24,16076.13
North,2023-05-25,14260.89
North,2023-05-26,14511.17
North,2023-05-27,13748.23
North,2023-05-28,13345.3
North,2023-05-29,15328.59
North,2023-05-30,14013.68
North,2023-05-31,15669.9
North,2023-06-01,15186.28
North,2023-06-02,14880.96
North,2023-06-03,13303.08
North,2023-06-04,13802.5
North,2023-06-05,16415.08
North,2023-06-06,16036.37
North,2023-06-07,13821.46
North,2023-06-08,15439.41
North,2023-06-09,16419.92
North,2023-06-10,12179.16
North,2023-06-11,15500.27
North,2023-06-12,14259.53
North,2023-06-13,16156.52
North,2023-06-14,14157.2
North,2023-06-15,12492.03
North,2023-06-16,12492.61
North,2023-06-17,14765.22
North,2023-06-18,15083.33
North,2023-06-19,13950.0
North,2023-06-20,16264.66
North,2023-06-21,12814.59
North,2023-06-22,15207.65
North,2023-06-23,13489.95
North,2023-06-24,13716.0
North,2023-06-25,14764.19
North,2023-06-26,14013.81
North,2023-06-27,14726.52
North,2023-06-28,16811.52
North,2023-06-29,14435.28
South,2023-01-01,6722.73
South,2023-01-02,4028.49
South,2023-01-03,6699.87
South,2023-01-04,7776.88
South,2023-01-05,2500.0
South,2023-01-06,4710.93
South,2023-01-07,6397.39
South,2023-01-08,4508.78
South,2023-01-09,3983.88
South,2023-01-10,3147.82
South,2023-01-11,5683.15
South,2023-01-12,6488.8
South,2023-01-13,7538.15
South,2023-01-14,4661.8
South,2023-01-15,6333.58
South,2023-01-16,4605.14
South,2023-01-17,6053.56
South,2023-01-18,5880.56
South,2023-01-19,6799.34
South,2023-01-20,6171.73
South,2023-01-21,6970.07
South,2023-01-22,9652.95
South,2023-01-23,8123.8
South,2023-01-24,6332.96
South,2023-01-25,8628.84
South,2023-01-26,6220.04
South,2023-01-27,3780.24
South,2023-01-28,5056.97
South,2023-01-29,3540.12
South,2023-01-30,6326.67
South,2023-01-31,6887.31
South,2023-02-01,9380.19
South,2023-02-02,7361.9
South,2023-02-03,6488.17
South,2023-02-04,7221.36
South,2023-02-05,2500.0
South,2023-02-06,7249.91
South,2023-02-07,8059.3
South,2023-02-08,4691.73
South,2023-02-09,8631.96
South,2023-02-10,7425.35
South,2023-02-11,5817.75
South,2023-02-12,7608.74
South,2023-02-13,10350.18
South,2023-02-14,7108.1
South,2023-02-15,7330.92
South,2023-02-16,6276.91
South,2023-02-17,5698.63
South,2023-02-18,7947.18
South,2023-02-19,5424.85
South,2023-02-20,7103.55
South,2023-02-21,5939.39
South,2023-02-22,7326.92
South,2023-02-23,6691.42
South,2023-02-24,7202.7
South,2023-02-25,5464.12
South,2023-02-26,5402.48
South,2023-02-27,3390.34
South,2023-02-28,3527.88
South,2023-03-01,8154.52
South,2023-03-02,8878.23
South,2023-03-03,6368.66
South,2023-03-04,7727.92
South,2023-03-05,8007.4
South,2023-03-06,8115.73
South,2023-03-07,10211.31
South,2023-03-08,5845.86
South,2023-03-09,4109.26
South,2023-03-10,2707.09
South,2023-03-11,9206.44
South,2023-03-12,8109.76
South,2023-03-13,7794.13
South,2023-03-14,5610.27
South,2023-03-15,6736.41
South,2023-03-16,12136.13
South,2023-03-17,8671.7
South,2023-03-18,8312.82
South,2023-03-19,8467.36
South,2023-03-20,9055.08
South,2023-03-21,8569.3
South,2023-03-22,7259.68
South,2023-03-23,8968.01
South,2023-03-24,11230.75
South,2023-03-25,10224.32
South,2023-03-26,10593.47
South,2023-03-27,7815.07
South,2023-03-28,4390.85
South,2023-03-29,8173.42
South,2023-03-30,8631.51
South,2023-03-31,10264.5
South,2023-04-01,5749.45
South,2023-04-02,10392.62
South,2023-04-03,8215.41
South,2023-04-04,8023.77
South,2023-04-05,7156.05
South,2023-04-06,6202.01
South,2023-04-07,9240.08
South,2023-04-08,8466.12
South,2023-04-09,6430.73
South,2023-04-10,6781.5
South,2023-04-11,8230.26
South,2023-04-12,11247.23
South,2023-04-13,8364.0
South,2023-04-14,6508.3
South,2023-04-15,8053.05
South,2023-04-16,8021.69
South,2023-04-17,4720.13
South,2023-04-18,7841.85
South,2023-04-19,8463.64
South,2023-04-20,9863.51
South,2023-04-21,11601.72
South,2023-04-22,10173.63
South,2023-04-23,8088.99
South,2023-04-24,7195.18
South,2023-04-25,12723.72
South,2023-04-26,8961.11
South,2023-04-27,8901.68
South,2023-04-28,8853.0
South,2023-04-29,8838.71
South,2023-04-30,8332.89
South,2023-05-01,8027.24
South,2023-05-02,7399.4
South,2023-05-03,8665.89
South,2023-05-04,8011.61
South,2023-05-05,7661.07
South,2023-05-06,8423.15
South,2023-05-07,8218.81
South,2023-05-08,11196.87
South,2023-05-09,4997.52
South,2023-05-10,10618.19
South,2023-05-11,10856.88
South,2023-05-12,5884.36
South,2023-05-13,8126.92
South,2023-05-14,7946.42
South,2023-05-15,6902.4
South,2023-05-16,7853.06
South,2023-05-17,7359.9
South,2023-05-18,11659.99
South,2023-05-19,10440.78
South,2023-05-20,10588.42
South,2023-05-21,9750.03
South,2023-05-22,7359.81
South,2023-05-23,8271.67
South,2023-05-24,9433.42
South,2023-05-25,7234.92
South,2023-05-26,10116.19
South,2023-05-27,8347.31
South,2023-05-28,8143.42
South,2023-05-29,10054.42
South,2023-05-30,9723.31
South,2023-05-31,8402.24
South,2023-06-01,10835.78
South,2023-06-02,7478.62
South,2023-06-03,9657.0
South,2023-06-04,9631.96
South,2023-06-05,8573.66
South,2023-06-06,9523.43
South,2023-06-07,7212.13
South,2023-06-08,10464.24
South,2023-06-09,8829.07
South,2023-06-10,7785.33
South,2023-06-11,10132.25
South,2023-06-12,7451.03
South,2023-06-13,6669.37
South,2023-06-14,6792.96
South,2023-06-15,10038.08
South,2023-06-16,7209.4
South,2023-06-17,11397.81
South,2023-06-18,5643.33
South,2023-06-19,11676.61
South,2023-06-20,9448.72
South,2023-06-21,8987.22
South,2023-06-22,8158.82
South,2023-06-23,9659.13
South,2023-06-24,8709.77
South,2023-06-25,10420.57
South,2023-06-26,9281.89
South,2023-06-27,9315.52
South,2023-06-28,8582.48
South,2023-06-29,9041.14
West,2023-01-01,12094.48
West,2023-01-02,11277.15
West,2023-01-03,11822.75
West,2023-01-04,14988.75
West,2023-01-05,14139.67
West,2023-01-06,13610.62
West,2023-01-07,13362.06
West,2023-01-08,13859.25
West,2023-01-09,13087.78
West,2023-01-10,12662.46
West,2023-01-11,14199.37
West,2023-01-12,12442.42
West,2023-01-13,14526.92
West,2023-01-14,10683.84
West,2023-01-15,14405.55
West,2023-01-16,14215.75
West,2023-01-17,14305.7
West,2023-01-18,15414.18
West,2023-01-19,16444.02
West,2023-01-20,15453.71
West,2023-01-21,10638.05
West,2023-01-22,11485.94
West,2023-01-23,13033.0
West,2023-01-24,14015.91
West,2023-01-25,14759.96
West,2023-01-26,12901.73
West,2023-01-27,14277.54
West,2023-01-28,12311.33
West,2023-01-29,12534.2
West,2023-01-30,11902.98
West,2023-01-31,12642.3
West,2023-02-01,11025.0
West,2023-02-02,12579.15
West,2023-02-03,15631.55
West,2023-02-04,12072.9
West,2023-02-05,17453.65
West,2023-02-06,14816.33
West,2023-02-07,14362.31
West,2023-02-08,12806.36
West,2023-02-09,15153.34
West,2023-02-10,13248.52
West,2023-02-11,13739.38
West,2023-02-12,17399.24
West,2023-02-13,13995.97
West,2023-02-14,15795.57
West,2023-02-15,13104.62
West,2023-02-16,14116.74
West,2023-02-17,16835.37
West,2023-02-18,12681.21
West,2023-02-19,16350.09
West,2023-02-20,15271.28
West,2023-02-21,13376.32
West,2023-02-22,15114.09
West,2023-02-23,15673.87
West,2023-02-24,15177.9
West,2023-02-25,10906.03
West,2023-02-26,12549.2
West,2023-02-27,13912.86
West,2023-02-28,14183.46
West,2023-03-01,14905.67
West,2023-03-02,14486.34
West,2023-03-03,12325.46
West,2023-03-04,14336.44
West,2023-03-05,14692.89
West,2023-03-06,15202.11
West,2023-03-07,15995.03
West,2023-03-08,15636.22
West,2023-03-09,15085.63
West,2023-03-10,14296.69
West,2023-03-11,11351.81
West,2023-03-12,14498.86
West,2023-03-13,14754.92
West,2023-03-14,14758.47
West,2023-03-15,12096.72
West,2023-03-16,12850.53
West,2023-03-17,16070.13
West,2023-03-18,13862.78
West,2023-03-19,14955.71
West,2023-03-20,14568.32
West,2023-03-21,14231.31
West,2023-03-22,15943.93
West,2023-03-23,13787.27
West,2023-03-24,14717.35
West,2023-03-25,13308.18
West,2023-03-26,13361.19
West,2023-03-27,14144.84
West,2023-03-28,14953.57
West,2023-03-29,13914.01
West,2023-03-30,16527.49
West,2023-03-31,13313.65
West,2023-04-01,13800.23
West,2023-04-02,13432.11
West,2023-04-03,16860.92
West,2023-04-04,14996.84
West,2023-04-05,16261.27
West,2023-04-06,12496.62
West,2023-04-07,15136.94
West,2023-04-08,15492.25
West,2023-04-09,14292.06
West,2023-04-10,16368.44
West,2023-04-11,14005.45
West,2023-04-12,16906.49
West,2023-04-13,18251.83
West,2023-04-14,14270.16
West,2023-04-15,13564.01
West,2023-04-16,16422.69
West,2023-04-17,17216.1
West,2023-04-18,14073.06
West,2023-04-19,14237.58
West,2023-04-20,14455.6
West,2023-04-21,12871.91
West,2023-04-22,12924.87
West,2023-04-23,12806.35
West,2023-04-24,13767.22
West,2023-04-25,14876.78
West,2023-04-26,15289.91
West,2023-04-27,17274.0
West,2023-04-28,13460.27
West,2023-04-29,15845.02
West,2023-04-30,14056.47
West,2023-05-01,14911.49
West,2023-05-02,16006.96
West,2023-05-03,13319.55
West,2023-05-04,15586.02
West,2023-05-05,15270.72
West,2023-05-06,15167.03
West,2023-05-07,14870.12
West,2023-05-08,18729.04
West,2023-05-09,14097.54
West,2023-05-10,14265.56
West,2023-05-11,14135.1
West,2023-05-12,14244.19
West,2023-05-13,13525.37
West,2023-05-14,16271.97
West,2023-05-15,17230.01
West,2023-05-16,14250.09
West,2023-05-17,13864.46
West,2023-05-18,15826.74
West,2023-05-19,14258.74
West,2023-05-20,15476.46
West,2023-05-21,14837.31
West,2023-05-22,12870.78
West,2023-05-23,17471.4
West,2023-05-24,17849.54
West,2023-05-25,14241.93
West,2023-05-26,14584.78
West,2023-05-27,14993.3
West,2023-05-28,15070.84
West,2023-05-29,15106.02
West,2023-05-30,14404.31
West,2023-05-31,11126.79
West,2023-06-01,12932.7
West,2023-06-02,12064.79
West,2023-06-03,13496.86
West,2023-06-04,14546.94
West,2023-06-05,17899.97
West,2023-06-06,14434.84
West,2023-06-07,15549.86
West,2023-06-08,15192.27
West,2023-06-09,17002.02
West,2023-06-10,18403.29
West,2023-06-11,13818.63
West,2023-06-12,14491.66
West,2023-06-13,16793.78
West,2023-06-14,16251.9
West,2023-06-15,18000.45
West,2023-06-16,16107.4
West,2023-06-17,14084.18
West,2023-06-18,15509.79
West,2023-06-19,16896.7
West,2023-06-20,16464.67
West,2023-06-21,15994.96
West,2023-06-22,16833.96
West,2023-06-23,16987.58
West,2023-06-24,16697.05
West,2023-06-25,15596.19
West,2023-06-26,14980.83
West,2023-06-27,15450.46
West,2023-06-28,17038.83
West,2023-06-29,14002.14
